player_id,skillcorner_name,fbref_name,player_finishing_skill
36594,Tyler Wolff,Tyler Wolff,3.4019669280716034
581396,Duncan McGuire,Duncan McGuire,3.223767777430308
33791,Ian Harkes,Ian Harkes,2.9981122267904583
332886,Maximilian Arfsten,Max Arfsten,2.9550791006422577
14440,Maarten Paes,Martín Cáceres,2.709529947971581
27227,Griffin Dorsey,Griffin Dorsey,2.5166740237771412
334747,Griffin Dillon,Griffin Dorsey,2.5166740237771412
34527,Justen Glad,Justen Glad,2.373473307987054
592212,J.C. Ngando,Justen Glad,2.373473307987054
36442,Stefan Cleveland,Justen Glad,2.373473307987054
38539,Edwin Stiven Mosquera Palacios,Edwin Mosquera,2.3127701338280016
36443,Will Bruin,Will Bruin,2.2589323704942776
31149,Lalas Abubakar,Lalas Abubakar,2.097606127212645
123734,Caleb Wiley,Caleb Wiley,2.0456664647194645
17907,Jonathan Osorio,Jonathan Osorio,1.922624914086728
18309,Júnior Leonardo Moreno Borrero,Junior Moreno,1.9072555835757736
23540,Saba Lobjanidze,Saba Lobzhanidze,1.874049507703464
224557,Brooklyn Raines,Donovan Pines,1.7318595822762914
24759,Donovan Pines,Donovan Pines,1.7318595822762914
126074,Ian Murphy,Ian Fray,1.7305181244106915
238473,Bernard Kamungo,Bernard Kamungo,1.7199537882228118
27135,Brent Kallman,Bernard Kamungo,1.7199537882228118
17069,Filip Krastev,Filip Krastev,1.5983773906646488
625256,Ousman Jabang,Cristian Arango,1.5877501987331804
16253,Cristian Daniel Arango Duque,Cristian Arango,1.5877501987331804
31144,Jimmy Maurer,Tim Parker,1.5649069234404855
24739,Tim Parker,Tim Parker,1.5649069234404855
36533,David Bingham,David Ruíz,1.5528322306425375
140216,Sean Zawadzki,Sean Zawadzki,1.5231835705750436
7408,Michael Bradley,Michael Bradley,1.498737998285194
43293,Chris Brady,Michael Bradley,1.498737998285194
10227,Teemu Pukki,Teemu Pukki,1.4884866919084128
28143,Rasmus Alm,Rasmus Alm,1.4655074610959544
12706,Georgios Giakoumakis,Giorgos Giakoumakis,1.4340114051685644
153171,Luis Enrique Jr Zamudio Lizardo,Dominique Badji,1.4190871451513896
31142,Dominique Badji,Dominique Badji,1.4190871451513896
24253,Kamal Anthony Miller,Mark-Anthony Kaye,1.4124711795150888
17903,Mark-Anthony Kaye,Mark-Anthony Kaye,1.4124711795150888
332807,Julian Anthony Altobelli,Mark-Anthony Kaye,1.4124711795150888
33032,Malte Amundsen,Malte Amundsen,1.3980864755920672
36551,Alec Kann,Malte Amundsen,1.3980864755920672
31136,Sam Junqua,Sam Junqua,1.3953577064300762
28586,Taylor Washington,Taylor Washington,1.3745727617767654
36552,Brooks Lennon,Brooks Lennon,1.3697352847406166
149790,Roman Celentano,Brooks Lennon,1.3697352847406166
64556,Thorleifur Úlfarsson,Þorleifur Ölfarsson,1.357955334097324
23455,Gadi Kinda,Gadi Kinda,1.339387570006574
581397,Malik Pinto,Alan Pulido,1.285602902753969
23282,Alan Pulido Izaguirre,Alan Pulido,1.285602902753969
43273,Ahmed Hamdi Hussein Hafez,Ahmed Hamdi,1.251601768978587
123136,Deandre Kerr,Deandre Kerr,1.250339501161108
36449,Henry Kessler,Deandre Kerr,1.250339501161108
18057,Andre Blake,Deandre Kerr,1.250339501161108
149304,Jojea Kwizera,Deandre Kerr,1.250339501161108
18531,Billy Sharp,Billy Sharp,1.2403797268504515
36604,Nkosi Tafari Burgess,Nkosi Tafari,1.2241111442845516
38178,Rodney Iván Redes Cáceres,Rodney Redes,1.2025439637878017
162855,Jacen Russell-Rowe,Jacen Russell-Rowe,1.1958230663912677
179478,Simon Becher,Simon Becher,1.1826159545856598
36598,Isaac Boehmer,Simon Becher,1.1826159545856598
33934,Obinna Nwobodo,Obinna Nwobodo,1.1568459647647256
8250,Oriol Rosell Argerich,Jon Gallagher,1.1220676647242942
29296,Jon Gallagher,Jon Gallagher,1.1220676647242942
27110,Ryan Hollingshead,Ryan Hollingshead,1.11513325966704
68832,Eric Dick,Ercan Kara,1.1151247407202431
35620,Tristan Muyumba Nkita,Tristan Muyumba,1.0927410929750605
16278,Maren Haile-Selassie,Maren Haile-Selassie,1.0807262865869682
24995,Robert Voloder,Robert Taylor,1.0763059464466875
17494,Robert Taylor,Robert Taylor,1.0763059464466875
59297,Robert Castellanos,Robert Taylor,1.0763059464466875
5326,Jordi Alba Ramos,Jordan Morris,1.0653948573603185
24260,Jordan Perry Morris,Jordan Morris,1.0653948573603185
165145,Diego Ángel Luna,Diego Luna,1.0385168358561556
58947,Samuel Oluwabukunmi Adeniran,Samuel Adeniran,1.0213796054518047
17896,Samuel Ayomide Adekugbe,Samuel Adeniran,1.0213796054518047
27087,Miles Robinson,Miles Robinson,1.0037125840944572
620393,Levonte Johnson,Miles Robinson,1.0037125840944572
43220,Luke Haakenson,Miles Robinson,1.0037125840944572
159694,Paul Miles Rothrock,Miles Robinson,1.0037125840944572
539830,Tomás Agustín Avilés Mancilla,Tomás Avilés,0.9960046470630048
19151,Timothy Tillman,Timmy Tillman,0.993817827919671
27154,DeJuan Lytelle Jones,DeJuan Jones,0.9833125428685948
24262,Sean Johnson,DeJuan Jones,0.9833125428685948
43215,Jáder Rafael Obrian Arias,Jáder Obrian,0.9796401361006072
18059,Damion Lowe,Damion Lowe,0.9712263687289364
78115,Damian Las,Damion Lowe,0.9712263687289364
36478,Felipe Andrés Mora Aliaga,Felipe Mora,0.965381459466358
24111,Nicholas Gioacchini,Nicholas Gioacchini,0.9586173685655852
360077,Nicholás Enrique Benalcázar,Nicholas Gioacchini,0.9586173685655852
24760,Luciano Federico Acosta,Luciano Acosta,0.9510364586317768
24266,Corey Baird,Corey Baird,0.9478173621831972
23847,Darlington Nagbe,Darlington Nagbe,0.9325980956626292
36549,Franco Nicolás Escobar,Franco Escobar,0.9319611101063928
153170,Ali Ahmed,Ali Ahmed,0.9283183172082512
23718,Rudy Camacho,Rudy Camacho,0.9058202018029988
584968,Nökkvi Thórisson,Nökkvi Þórisson,0.9037715707211558
27214,Luis Felipe Hernández Rico,Felipe Hernandez,0.9029567578793604
17963,Bobby Shou Wood,Bobby Wood,0.8852893658550774
36438,Aidan Morris,Aidan Morris,0.8740383724689159
36343,Daniel Alonso Aceves Patiño,Daniel Musovski,0.8456303928697954
36577,Danny Musovski,Daniel Musovski,0.8456303928697954
25467,Walker Dwain Zimmerman,Walker Zimmerman,0.8220436066448792
332778,Kyle Hiebert,Kyle Hiebert,0.8106136239317296
15605,Yevgen Cheberko,Kyle Hiebert,0.8106136239317296
36450,Carles Gil de Pareja Vicent,Carles Gil,0.7951867233519379
69105,Owen Wolff,Owen Wolff,0.7800084122391912
1100,Ashley Westwood,Ashley Westwood,0.7768901608081765
36579,Sebastian Berhalter,Sebastian Berhalter,0.7729181532898128
54635,Denil Omar Maldonado Munguía,Denil Maldonado,0.763968841772106
27130,Daniel Steres,Daniel Steres,0.7521637173742086
27742,Teenage Hadebe,George Campbell,0.732798427963168
124341,George Marks,George Campbell,0.732798427963168
27089,George Campbell,George Campbell,0.732798427963168
13633,João Klauss de Mello,Johnny Russell,0.720761243935733
5201,Johnathon Simpson Snedden Russell,Johnny Russell,0.720761243935733
17965,Gyasi Zardes,Gyasi Zardes,0.6881725133541824
27149,Mathieu Choinière,Mathieu Choiniere,0.6863173478706801
66358,Nelson Giovany Quiñones Iturre,Nelson Quiñones,0.6823196240888386
123128,Noah Allen,Noah Allen,0.6795735999204161
23874,Ethan Finlay,Ethan Finlay,0.6779453715884061
36567,Raheem Edwards,Raheem Edwards,0.6598885878733599
36556,Earl Edwards Jr.,Raheem Edwards,0.6598885878733599
31156,Kacper Przybyłko,Kacper Przybyłko,0.6567373258485062
43192,Hunter Sulte,Khiry Shelton,0.648941242250082
24113,Khiry Shelton,Khiry Shelton,0.648941242250082
27695,Chris Durkin,Chris Durkin,0.6472041502283438
13202,Aaron Salem Boupendza Pozzi,Aaron Boupendza,0.6436815133069135
36558,Franuel Amaya,Frankie Amaya,0.6376371650791774
11857,Miguel Gianpierre Araujo Blanco,Miguel Trauco,0.6322459641446972
11864,Miguel Ángel Trauco Saavedra,Miguel Trauco,0.6322459641446972
16268,Andreas Maxsø,Andreas Maxsø,0.6203417150450354
36437,Luis Mario Díaz Espinoza,Cristian Espinoza,0.6076600004299684
27203,Cristian Omar Espinoza,Cristian Espinoza,0.6076600004299684
27175,Kyle Smith,Kyle Smith,0.6054749618674641
23870,Harrison Afful,Anderson Julio,0.6014530265473503
36274,Anderson Andrés Julio Santos,Anderson Julio,0.6014530265473503
12548,Sergiy Kryvtsov,Serhiy Kryvtsov,0.598117114125301
23205,Brayan Emanuel Vera Ramírez,Brayan Vera,0.5953494661249417
24744,Ryan Meara,Brayan Vera,0.5953494661249417
149299,Themi Antonoglou,Antonio Carlos,0.5870121792071241
332939,David Antonio Ochoa Posas,Antonio Carlos,0.5870121792071241
31607,Antônio Carlos Cunha Capocasali Junior,Antonio Carlos,0.5870121792071241
13405,Kévin Cabral,Kevin Cabral,0.5785305178293003
18072,Kevon Lambert,Kevin Cabral,0.5785305178293003
43206,Quinn Sullivan,Quinn Sullivan,0.5721555145577495
25476,Bradley Shaun Smith,Brad Smith,0.5710497180383515
36497,Brad Stuver,Brad Smith,0.5710497180383515
43204,Nigel Robertha,Nigel Robertha,0.5570799758773833
36557,Joel Robert Waterman,Nigel Robertha,0.5570799758773833
132623,Theodore Ku-Dipietro,Theodore Ku-Dipietro,0.5568583477312355
17968,Fafà Picault,Faf† Picault,0.5567111606931959
13540,Evander da Silva Ferreira,Jesús Ferreira,0.5401469808938262
27115,Jesús David Ferreira Castro,Jesús Ferreira,0.5401469808938262
629574,Noel Caliskan,Noel Buck,0.5187558723781173
144562,Noel Buck,Noel Buck,0.5187558723781173
28742,Tomás Alejandro Chancalay,Tomás Chancalay,0.5115574453618921
73332,Carlos Andrés Gómez Hinestroza,José Andrés Martínez,0.5115019610165399
36469,José Andrés Martínez Torres,José Andrés Martínez,0.5115019610165399
66806,Adrián Alonso Martínez Batista,José Andrés Martínez,0.5115019610165399
36436,José Artur de Lima Júnior,José Andrés Martínez,0.5115019610165399
5448,Josef Alexander Martínez,José Andrés Martínez,0.5115019610165399
23769,José Antonio Martínez Gil,José Andrés Martínez,0.5115019610165399
38452,Guzmán Corujo Bríccola,Giacomo Vrioni,0.5050448706150407
17480,Giacomo Vrioni,Giacomo Vrioni,0.5050448706150407
27173,Brian White,Brian White,0.4995586310310776
116527,Julián Fernández,Julián Fernández,0.4933229583723844
14002,Juan Camilo Hernández Suárez,Julián Fernández,0.4933229583723844
7359,Maya Yoshida,Maya Yoshida,0.4803879158137443
10936,Xherdan Shaqiri,Xherdan Shaqiri,0.4740181043926742
27152,Scott Caldwell,Scott Arfield,0.4713014747851324
24258,Liam Scott Fraser,Scott Arfield,0.4713014747851324
9594,Scott Arfield,Scott Arfield,0.4713014747851324
25439,Emanuel Reynoso,Emanuel Reynoso,0.4635536234791782
28745,Julián Simón Carranza,Julián Carranza,0.4608103055393218
110472,Dagur Dan Thórhallsson,Dagur Dan Þórhallsson,0.457708864993215
36591,Michael Halliday,Michael Boxall,0.4362643556974008
27142,Michael Boxall,Michael Boxall,0.4362643556974008
26300,Thiago Ezequiel Almada,Thiago Almada,0.4243911098540974
31159,Joe Bendik,Ben Bender,0.4100397012909706
67872,Ben Lundt,Ben Bender,0.4100397012909706
25465,Tristan Blackmon,Tristan Blackmon,0.3909039976201973
19526,Orrin McKinze Gaines II,McKinze Gaines,0.3902527835772338
18653,Jonathan Bond,Nathan Byrne,0.3836453989805293
18818,Nathan Byrne,Nathan Byrne,0.3836453989805293
133875,Diego Alexander Gómez Amarilla,Alexander Ring,0.3836226154298909
27170,Alexander Ring,Alexander Ring,0.3836226154298909
25169,Matheus Rossetto,Matheus Rossetto,0.3835732464852966
568,Alexandre Nascimento Costa Silva,Xande Silva,0.3805604607116078
27213,Jaylin Lindsey,Jaylin Lindsey,0.3788027110028565
2574,DeAndre Roselle Roselle Yedlin,Daniel Rosero,0.3705299632932086
25951,Carlos Terán Díaz,Carlos Terán,0.3621820720008162
16583,Dario Župarić,Dario Župarić,0.3572989802842387
2610,Denis Bouanga,Denis Bouanga,0.3556333899129212
360067,Christian McFarlane,Cristian Roldan,0.3515520864463097
24259,Cristian Roldán,Cristian Roldan,0.3515520864463097
33570,Yaw Yeboah,Yaw Yeboah,0.3507147382313659
9563,Santiago Arias Naranjo,Santiago Arias,0.3501469861361326
3943,Giorgio Chiellini,Giorgio Chiellini,0.344569429610547
124336,Jasper Löffelsend,Jasper Löffelsend,0.3418439022755465
11867,Wilder José Cartagena Mendoza,Wilder Cartagena,0.3349469665085189
30921,Ignacio Gil de Pareja Vicent,Wilder Cartagena,0.3349469665085189
16441,Mikael Uhre,Mikael Uhre,0.3332902787038657
13139,Jamal Thiaré,Mikael Uhre,0.3332902787038657
24205,Jakob Glesnes,Jakob Glesnes,0.3294923328866113
38285,Juan David Mosquera López,Juan David Mosquera,0.3267355681914048
653191,Gino Vivi Quesada,Juan David Mosquera,0.3267355681914048
31153,Cole Bassett,Cole Bassett,0.3257529522257182
34543,Jack Maher,Jack Maher,0.3240829359685207
36522,Jack Skahan,Jack Maher,0.3240829359685207
43221,Andres Jasson,Andres Jasson,0.3213635550861386
332763,Patrick Schulte,Patrick Agyemang,0.3156152664583725
581148,Patrick Agyemang,Patrick Agyemang,0.3156152664583725
28656,Claudio Nicolás Bravo,Claudio Bravo,0.3153934368724273
51554,Kervin Fabián Arriaga Villanueva,Kervin Arriaga,0.3089590673403662
34847,Matthew Hoppe,Matthew Hoppe,0.3087095660532197
27109,Matthew Hedges,Matthew Hoppe,0.3087095660532197
34294,Facundo Daniel Torres Pérez,Facundo Torres,0.3072547537916897
27161,Sebastien Uchechukwu Ibeagha,Sebastien Ibeagha,0.3068137202915074
35382,Eugene Ansah,Eugene Ansah,0.3037722829758515
5682,Kamil Jóźwiak,Kamil Jóźwiak,0.3004002012952341
31148,Clint Irwin,Calvin Harris,0.2947958951806181
334451,Calvin Jay Fodrey,Calvin Harris,0.2947958951806181
43223,Calvin Harris,Calvin Harris,0.2947958951806181
333059,Gavin Beavers,Calvin Harris,0.2947958951806181
27095,Diego Iván Rubio Kostner,Diego Rubio,0.288445983858215
26463,Álvaro Martin Barreal,Álvaro Barreal,0.2803855070936892
24899,Leonardo Campana Romero,Leonardo Campana,0.2785682848718729
31661,Leonardo Alves Chú Franco,Leonardo Campana,0.2785682848718729
36457,Mason Stajduhar,Mason Toye,0.2727995285706092
27137,Mason Toye,Mason Toye,0.2727995285706092
36491,Matt Bersano,Matt Polster,0.2697438694539359
31176,Wyatt Omsberg,Matt Polster,0.2697438694539359
36470,Matt Freese,Matt Polster,0.2697438694539359
25015,Matt Polster,Matt Polster,0.2697438694539359
333634,Isaiah Foster,Matt Polster,0.2697438694539359
27124,Christian Ramírez,Christian Ramirez,0.2632530170810869
11875,Raúl Mario Ruidíaz Misitich,Raúl Ruidíaz,0.2626051676996393
17914,Randall Enrique Leal Arley,Randall Leal,0.2605596337677532
36553,Julian Gressel,Julian Gressel,0.2573816573039998
657894,Julian Zakrewski Hall,Julian Gressel,0.2573816573039998
22122,Sam Surridge,Sam Surridge,0.2429887157060994
28242,Gregore de Magalhães da Silva,Georgios Koutsias,0.2372451631533674
30057,Georgios Koutsias,Georgios Koutsias,0.2372451631533674
27177,Ruan Gregorio Teixeira,Georgios Koutsias,0.2372451631533674
43791,Enzo Nahuel Copetti,Enzo Copetti,0.2358445176351962
332802,Luka Gavran,Lucas Zelarayán,0.2327164364716633
123139,Luca Petrasso,Lucas Zelarayán,0.2327164364716633
299527,Mauricio Aimar Cuevas,Mauricio Pineda,0.2190377883062931
36541,Mauricio Pineda,Mauricio Pineda,0.2190377883062931
10566,Tyler Boyd,Tyler Boyd,0.2151606098057918
27112,Michael David Barrios Puerta,Michael Barrios,0.2115347803303282
27219,Ilie Sánchez Farrés,Ilie Sánchez,0.2108693822696528
29462,Christopher Donald McVey,Christopher Donovan,0.1971994778238684
166529,Chris Donovan,Christopher Donovan,0.1971994778238684
14075,Emiliano Ariel Rigoni,Emiliano Rigoni,0.1951915685141858
36476,Ralph-William Johnson Priso-Mbongue,Emiliano Rigoni,0.1951915685141858
58946,Obed Gómez Vargas,Yeimar Gómez Andrade,0.1860924975977363
26275,Yeimar Pastor Gómez Andrade,Yeimar Gómez Andrade,0.1860924975977363
36444,Jimmy Gerardo Medranda Obando,Yeimar Gómez Andrade,0.1860924975977363
43212,Tomás Lían Romero Keubler,Fabian Herbers,0.1800379757483454
27090,Fabian Herbers,Fabian Herbers,0.1800379757483454
24103,Franck Boli,Franck Boli,0.1734940546310648
162415,Kerwin Andrés Calderón Vargas,Kerwin Vargas,0.1667530676925291
8916,Rémi Walter,Rémi Walter,0.1578897675601459
334229,Bret Halsey,Rémi Walter,0.1578897675601459
8755,Quentin Westberg,Rémi Walter,0.1578897675601459
332870,Devin Padelford,Evander,0.1562595430650011
1542,Bryan Josue Oviedo Jimenez,Bryan Oviedo,0.1535573251299644
39214,Dixon Jair Arroyo Espinoza,Dixon Arroyo,0.1530291706210066
26310,Braian Ezequiel Cufré,Braian Cufré,0.1529688448381801
27193,Marco Farfán,Marco Farfan,0.1526187182986945
24263,Nick Lima,Nick Lima,0.1500947243431091
34118,Birk Risa,Nick Lima,0.1500947243431091
19303,Rafael Czichos,Rafael Czichos,0.1481871433009829
123138,Lukas MacNaughton,Lukas MacNaughton,0.1449219527467019
25466,Diego Martín Rossi Marachlian,Diego Rossi,0.1392277083884514
27211,Josh Atencio,Joshua Atencio,0.1322302679444573
332777,Joshua Yaro,Joshua Atencio,0.1322302679444573
31168,Danny Leyva,Danny Leyva,0.1286267388581612
38158,Iván René Franco Díaz,Iván Franco,0.1238393033321428
27192,Jeremy Ebobisse,Jeremy Ebobisse,0.1227022608842481
17964,Mark Delgado,Marky Delgado,0.1221953277403924
31520,Ocimar de Almeida Júnior,Marky Delgado,0.1221953277403924
27158,Gustavo Leonardo Bou,Gustavo Bou,0.1161470450094228
27101,Danny Wilson,Danny Wilson,0.1156502843799631
25185,Talles Magno Bacelar Martins,Talles Magno,0.1130532279664285
13214,Sebastián Driussi,Sebastián Driussi,0.108159104134791
123132,Daniel Edelman,Daniel Edelman,0.105115909672581
11851,Pedro David Gallese Quiróz,Pedro Vite,0.1023639231324027
43751,Pedro Jeampierre Vite Uca,Pedro Vite,0.1023639231324027
24763,Nick Hagglund,Nick Hagglund,0.09570759484412
24745,Sean Nealis,Sean Nealis,0.0921457015817414
620927,Emeka Eneli,Sean Nealis,0.0921457015817414
27189,Julio César Cascante Solórzano,Julio Cascante,0.0914775376030762
27100,Kei Ansu Kamara,Kei Kamara,0.0820509493924002
332936,Lawson Sunderland,Yerson Mosquera,0.0785531757300874
35740,Yerson Mosquera Valdelamar,Yerson Mosquera,0.0785531757300874
4237,Héctor Miguel Herrera López,Héctor Herrera,0.077621558425943
43234,Nathan Harriel,Nathan Harriel,0.0746350313739358
36496,Jared Stroud,Jared Stroud,0.0733103460069696
574703,Peter Stroud,Jared Stroud,0.0733103460069696
8594,Pedro Miguel Martins Santos,Pedro Santos,0.0647625223429693
16581,Héber Araujo dos Santos,Pedro Santos,0.0647625223429693
31158,Kai Wagner,Kai Wagner,0.0634419692133546
123133,Serge Ngoma,Sergio Santos Gomes,0.05916625138402
9749,Sergio Busquets Burgos,Sergio Santos Gomes,0.05916625138402
23601,Sergio Henrique Santos Gomes,Sergio Santos Gomes,0.05916625138402
28644,Facundo Tomás Quignón,Facundo Quignon,0.0577899735921529
36609,Tayvon Gray,Tayvon Gray,0.057144199130591
23851,Dairon Estibens Asprilla Rivas,Dairon Asprilla,0.0486856305423277
120296,Sang-Bin Jeong,Corentin Jean,0.0457846876364031
27160,Diego Santiago Fagúndez Pepe,Diego Fagúndez,0.0429136971574721
24747,Omir Guadalupe Fernandez Mosso,Omir Fernandez,0.0312976232808332
164242,Njabulo Blom,Njabulo Blom,0.02294638512463
26467,Martín Exequiel Ojeda,Martín Ojeda,0.0170147692836496
27212,Dániel Sallói,Dániel Sallói,0.0131885163380888
31785,Daniel De Sousa Brito,Dániel Sallói,0.0131885163380888
32314,Facundo Hernán Farías,Facundo Farías,0.00875513533962
34424,Gabriel Cordeiro Pirani,Gabriel Pirani,-0.001756620080567
36527,Ranko Veselinović,Ranko Veselinović,-0.0032120858336895
12051,Alessandro Schöpf,Alessandro Schöpf,-0.0055894899389626
23095,Mario González Gutiérrez,Mario González,-0.0081705723999889
23299,Omar Alejandro González,Mario González,-0.0081705723999889
41101,Stipe Biuk,Stipe Biuk,-0.0121161987367432
43197,Nnamdi Chinonso Offor,Chinonso Offor,-0.0204006456729886
24752,Steve Birnbaum,Steve Birnbaum,-0.0324293355505195
224209,Stephen Turnbull,Steve Birnbaum,-0.0324293355505195
33225,Leon Flach,Leon Flach,-0.0358831374863106
34535,John McCarthy,Dax McCarty,-0.0390250660132939
31163,Dax McCarty,Dax McCarty,-0.0390250660132939
27204,Judson Silva Tavares,Jefferson Savarino,-0.0425213186442493
18303,Jefferson David Savarino Quintero,Jefferson Savarino,-0.0425213186442493
34512,Dante Sealy,Gabe Segal,-0.0425567704091889
17971,Ben Sweat,Gabe Segal,-0.0425567704091889
27144,Samuel Piette,Miguel Perez,-0.0462202871898606
34517,John Pulskamp,John Tolkin,-0.0570546844319933
36620,John Tolkin,John Tolkin,-0.0570546844319933
36512,Ariel Daniel Lassiter Acuña,Ariel Lassiter,-0.0589181830544749
12317,Keaton Parks,Keaton Parks,-0.0599710889563513
26123,Tomáš Ostrák,Tomáš Ostrák,-0.0603048569976259
10476,Tomáš Vaclík,Tomáš Ostrák,-0.0603048569976259
12364,Dejan Joveljić,Dejan Joveljić,-0.0612499622959677
24691,Indiana Vassilev,Indiana Vassilev,-0.0658634754152279
12569,Ján Greguš,Ján Greguš,-0.0661749886911972
43233,Miguel Berry,Miguel Berry,-0.0666853343723062
36441,Shane O'Neill,Shanyder Borgelin,-0.0687161084320683
333569,Hayden Sargis,Shanyder Borgelin,-0.0687161084320683
36106,Miguel Ángel Tapias Dávila,Miguel Tapias,-0.0737232316063752
1663,Carlos Alberto Vela Garrido,Carlos Vela,-0.076476429897835
31151,Sebastian Anderson,Sebastián Blanco,-0.0775047536065877
20016,Sebastian Kowalczyk,Sebastián Blanco,-0.0775047536065877
23846,Sebastián Marcelo Blanco,Sebastián Blanco,-0.0775047536065877
25969,Mathías Nicolás Laborda Malsenido,Mathías Laborda,-0.0815537565065431
27191,Cristhian Fabián Paredes Maciel,Cristhian Paredes,-0.0817474019467539
23855,Kevin Molino,Kevin O'Toole,-0.0854578237512018
128932,Kevin O'Toole,Kevin O'Toole,-0.0854578237512018
5766,Kelvin Leerdam,Kevin O'Toole,-0.0854578237512018
61099,Adam Grinwis,Adam Lundqvist,-0.08826244595585
27126,Adam Lundkvist,Adam Lundqvist,-0.08826244595585
31162,Romell Samir Quioto Robinson,Romell Quioto,-0.0945445877637878
7128,Mateusz Klich,Mateusz Klich,-0.0948275212506312
22207,Leo Väisänen,Leo Vèisènen,-0.0949517672794464
46583,Reed Baker-Whiting,Emmanuel Boateng,-0.1006817626982996
186348,Emmanuel Ochoa Rico,Emmanuel Boateng,-0.1006817626982996
24761,Emmanuel Agyenim Boateng,Emmanuel Boateng,-0.1006817626982996
332952,Gerardo Valenzuela,Brandon Vazquez,-0.1015925638738795
43202,José Antonio Alfaro Vázquez,Brandon Vazquez,-0.1015925638738795
36563,Brandon Vázquez Toledo,Brandon Vazquez,-0.1015925638738795
43277,Andrew Brody,Andrew Brody,-0.1040893624983433
31847,Iván Darío Angulo Cortés,Iván Angulo,-0.1057468499887079
27195,Larrys Mabiala Destin,Larrys Mabiala,-0.1073217597703202
1818,Christian Benteke Liolo,Christian Benteke,-0.1098919383952846
22211,Dániel Gazdag,Dániel Gazdag,-0.1135261600183249
43207,Jack McGlynn,Jack McGlynn,-0.1137825965199933
19137,Eduard Löwen,Eduard Löwen,-0.1233743636833023
34546,Dave Romney,David Romney,-0.1254003598686419
1424,Brad Guzan,Andrew Gutman,-0.1329236860456367
36440,Andrew Tarbell,Andrew Gutman,-0.1329236860456367
24768,Andrew Gutman,Andrew Gutman,-0.1329236860456367
24743,Tom Barlow,Tom Barlow,-0.1330939189901757
4206,Hany Mukhtar,Hany Mukhtar,-0.1368206020294473
44445,César Nahuel Araújo Vilches,César Araujo,-0.1604497954223388
33829,Cameron Harper,Cameron Harper,-0.1626836077159114
581150,Jules-Anthony Vilsaint,Jules-Anthony Vilsaint,-0.1644342871343297
27223,Eriq Anthony Zavaleta Vanney,Jules-Anthony Vilsaint,-0.1644342871343297
27037,Thiago Martins Bueno,Thiago Martins,-0.1645835343611008
27202,Damir Kreilach,Damir Kreilach,-0.1656592479956707
24254,Richie Laryea,Richie Laryea,-0.1801524668990536
13097,Amine Bassi,Amine Bassi,-0.1802262256944023
25960,Andrés Felipe Reyes Ambuila,Andrés Reyes,-0.1830025478118506
332790,Cody William Baker,William Agada,-0.1860018476476992
39455,Willy Agada,William Agada,-0.1860018476476992
36468,Kwadwo Opoku,Kwadwo Opoku,-0.1945817032649083
25977,Santiago Mariano Rodríguez Molina,Santiago Rodríguez,-0.202953791051174
24969,Braian Óscar Ojeda Rodríguez,Santiago Rodríguez,-0.202953791051174
868,Andy Aryel Najar Rodríguez,Santiago Rodríguez,-0.202953791051174
28307,Antônio Josenildo Rodrigues de Oliveira,Santiago Rodríguez,-0.202953791051174
36465,Bryce Duke,Bryce Duke,-0.2047905850981571
36550,Laurence Wyke,Bryce Duke,-0.2047905850981571
35673,Santiago Moreno,Santiago Moreno,-0.2094914423542008
27140,Osvaldo Alonso Moreno,Santiago Moreno,-0.2094914423542008
5735,Karol Świderski,Karol Świderski,-0.2177952468126481
27092,Brandt Bronico,Brandt Bronico,-0.2212781806215372
25953,Mender García Torres,Mender García,-0.2240205414900082
173048,Amet Ylber Korça,Mender García,-0.2240205414900082
27094,Charles Kwabena Sapong,Carlos Akapo,-0.2298506142612384
14006,Carlos Akapo Martínez,Carlos Akapo,-0.2298506142612384
30968,Adrián Andrés Cubas,Andrés Cubas,-0.2332241084607425
36475,Alex Bono,Alex Roldan,-0.2380898790089875
31171,Alexander Roldán Leon,Alex Roldan,-0.2380898790089875
11701,Aníbal Cesis Godoy,Aníbal Godoy,-0.2398543749774563
27147,Zachary Brault-Guillard,Zachary Brault-Guillard,-0.2417388360830739
36617,Maxime Crépeau,Maxime Chanot,-0.2473285442738739
26533,Franco Rodrigo Fragapane,Franco Fragapane,-0.2556786562936257
27162,Ismael Tajouri-Shradi,Ismael Tajouri-Shradi,-0.2673422715326582
34547,Eric Miller,Chris Mueller,-0.2708925692949606
43883,Elias Manoel Alves de Paula,Elias Manoel,-0.2712531450503826
36586,Zac McGraw,Zac McGraw,-0.2810648242822287
31126,Zac MacMath,Zac McGraw,-0.2810648242822287
123142,Bongokuhle Hlongwane,Bongokuhle Hlongwane,-0.293660540969365
75760,Antony Alves Santos,Rafael Santos,-0.2949261408516742
31603,Rafael Lucas Cardoso dos Santos,Rafael Santos,-0.2949261408516742
26472,Alan Agustín Velasco,Alan Velasco,-0.2968368492660612
32149,Cristián Gonzalo Olivera Ibarra,Cristian Olivera,-0.3030205239646796
36931,Kristijan Kahlina,Cristian Olivera,-0.3030205239646796
25462,Latif Blessing,Latif Blessing,-0.3062297873131258
24265,Jackson Yueill,Jackson Yueill,-0.3184218394497626
34775,Juan José Sánchez Purata,Juan José Sánchez,-0.3294260933828068
17452,Derrick Williams,Derrick Williams,-0.3408148241411679
31131,Joe Willis,Derrick Williams,-0.3408148241411679
149298,Adam Pearlman,Andrés Perea,-0.3436825940243099
36461,Andrés Felipe Perea Castañeda,Andrés Perea,-0.3436825940243099
44467,Jesús Daniel Bueno Añez,Jesús Daniel Bueno,-0.3437508253752184
43189,Adam Jesus Jr Esparza Saldaña,Adalberto Carrasquilla,-0.3451112734536279
31975,Adalberto Eliecer Carrasquilla Alcazar,Adalberto Carrasquilla,-0.3451112734536279
3333,Federico Bernardeschi,Federico Bernardeschi,-0.3459898145570464
172107,Preston Judd,Preston Judd,-0.3484728498642295
27228,Jacob Everett Shaffelburg,Jacob Shaffelburg,-0.3485979682163377
34549,Elliot Panicco,Nelson Palacio,-0.3501799013648826
40021,Sidnei Wilson Vieira David Tavares,Nelson Palacio,-0.3501799013648826
66350,Nelson Daniel Palacio Ruiz,Nelson Palacio,-0.3501799013648826
125779,Jacob Jackson,Aziel Jackson,-0.350187214100961
49305,Aziel Jackson,Aziel Jackson,-0.350187214100961
10105,Steven Moreira,Steven Moreira,-0.3532280711572695
36479,Steve Clark,Steven Moreira,-0.3532280711572695
25474,Steven Mehrdad Beitashour,Steven Moreira,-0.3532280711572695
24755,Felipe Martins Campanholi,Luís Martins,-0.3584951630761389
6437,Luís Carlos Ramos Martins,Luís Martins,-0.3584951630761389
43219,Javain Brown,Javain Brown,-0.3612653987057432
9207,Róger Aníbal Espinoza Ramírez,Roger Espinoza,-0.36440930945894
19143,Tim Leibold,Tim Leibold,-0.3675755173014983
34515,Tim Melia,Tim Leibold,-0.3675755173014983
36487,Paul Marie,Paul Marie,-0.3746314585281893
13742,Raoul Petretta,Raoul Petretta,-0.3747308381667789
3357,Felipe Gutiérrez,Felipe Gutiérrez,-0.379455375499564
42552,Ramiro Enrique Paz,Ramiro Enrique,-0.3803682473303534
31444,Nicolás Marcelo Stefanelli,Nicolás Stefanelli,-0.382863107171383
34516,Erik Hurtado,Erik Hurtado,-0.3947124972989382
36482,Bill Tuiloma,Bill Tuiloma,-0.3995784800444202
13432,Ricard Puig Martí,Riqui Puig,-0.4001769759236634
24748,Alex Muyl,Alex Muyl,-0.4032386502589392
27097,Keegan Rosenberry,Keegan Rosenberry,-0.4041432930412122
22209,Lassi Lappalainen,Lassi Lappalainen,-0.4087138402934062
128927,Brandan Craig,Brandon Servania,-0.4183903018083764
35719,Dany Alejandro Rosero Valencia,Brandon Servania,-0.4183903018083764
33848,Ousmane Doumbia,Ousseni Bouda,-0.4316639640591614
33010,Rafael Navarro Leal,Rafael Navarro,-0.4326467947516402
57237,Daniel Aguirre,Daniel Aguirre,-0.4340723349067981
26277,Gastón Nicolás González,Gaston Gonzalez,-0.4346112898869836
123135,Katlego Ntsabeleng,Gaston Gonzalez,-0.4346112898869836
332893,Axel Kei,Daniel Pereira,-0.4394708473286937
44185,Daniel Pereira Gil,Daniel Pereira,-0.4394708473286937
332982,Benjamin Cremaschi,Ben Cremaschi,-0.4398300891123537
23848,Diego Ferney Chará Zamora,Wikelman Carmona,-0.4436087683477801
43240,Wikelman José Carmona Torres,Wikelman Carmona,-0.4436087683477801
18225,Yimmi Javier Chará Zamora,Yimmi Chará,-0.4442539423965639
36458,Rodrigo Adrián Schlegel,Rodrigo Schlegel,-0.4491007695813602
36500,Christian Frederick Bayoi Makoun Reyes,Christian Makoun,-0.4519995276129302
19060,Erik Thommy,Erik Thommy,-0.4551284607548781
69262,Abraham Rodriguez,Memo Rodriguez,-0.4704269568983389
156487,Missael Rodríguez Padilla,Memo Rodriguez,-0.4704269568983389
31134,José Guillermo Rodríguez,Memo Rodriguez,-0.4704269568983389
28934,Mateusz Bogusz,Mateusz Bogusz,-0.4728398203752633
27188,Alejandro Bedoya,Alejandro Bedoya,-0.4733786723714759
689747,London Aghedo,Alejandro Bedoya,-0.4733786723714759
36571,Jahkeele Marshall-Rutty,Jahkeele Marshall-Rutty,-0.4845111060338035
574480,Mitja Ilenič,Mitja Ilenič,-0.4861934281142319
27116,Paxton Pomykal,Paxton Pomykal,-0.4863744895967462
17923,Bryan Josué Acosta Ramos,Bryan Acosta,-0.4865644335447137
23872,Justin Meram,Justin Meram,-0.4972913963363072
27168,Justin Haak,Justin Meram,-0.4972913963363072
127614,Justin Rasmussen,Justin Meram,-0.4972913963363072
36453,Justin Rennicks,Justin Meram,-0.4972913963363072
36574,Luis Barraza,Luis Díaz,-0.4988017523520493
23220,Paul Joseph Arriola Hendricks,Paul Arriola,-0.5024971629967987
24738,Kyle Duncan,Kyle Duncan,-0.5050285782930284
6286,Lorenzo Insigne,Lorenzo Insigne,-0.5097784954040434
36505,James Pantemis,James Sands,-0.5214968948371934
27166,James Sands,James Sands,-0.5214968948371934
1455,Brecht Dejaegere,Brecht Dejaegere,-0.5256469640310949
4651,Jamiro Gregory Monteiro Alvarenga,Jamiro Monteiro,-0.5262047065312914
1635,Carlos Armando Gruezo Arboleda,Carlos Gruezo,-0.5292563126690341
12367,Carlos Miguel Coronel,Carlos Gruezo,-0.5292563126690341
74696,Monsef Bakrar,Monsef Bakrar,-0.5308209796443347
26438,Gastón Claudio Giménez,Gastón Giménez,-0.5308487158915519
2858,Douglas Costa de Souza,Douglas Costa,-0.5334711979696063
25482,Nouhou Tolo,Nouhou Tolo,-0.5436381257840555
124335,Tomás Gómez,Carlos Gómez,-0.5475575555745719
36452,Kelyn Rowe,Kellyn Acosta,-0.5483499291157614
17974,Kellyn Acosta,Kellyn Acosta,-0.5483499291157614
25093,Lucas Lima Linhares,Lucas Calegari,-0.5550157346307842
27098,Jonathan Lewis,Jonathan Lewis,-0.5645998376373427
36508,Jonathan Sirois,Jonathan Lewis,-0.5645998376373427
156486,Lucas Bartlett,Lucas Bartlett,-0.5662133343021518
36584,Hassan Ndam,Hassan Ndam,-0.5668562115555581
33634,Ryan Gauld,Ryan Gauld,-0.5698772113567369
160372,Ryan Sailor,Ryan Gauld,-0.5698772113567369
127615,Ryan Spaulding,Ryan Gauld,-0.5698772113567369
27182,Raymon Gaddis,Ryan Gauld,-0.5698772113567369
27139,Hassani Dotson,Hassani Dotson,-0.5777247294263229
25057,Joaquín Eduardo Torres,Joaquín Torres,-0.5805175389776261
34542,Victor Ulloa,Victor Wanyama,-0.5852732293359699
10692,Victor Wanyama,Victor Wanyama,-0.5852732293359699
9478,Sam Nicholson,Sam Nicholson,-0.5871874394143698
25506,Joakim Nilsson,Sam Nicholson,-0.5871874394143698
27232,Jake Nerwinski,Jake Nerwinski,-0.5976236080060555
25129,Jan Sobociński,Jake Nerwinski,-0.5976236080060555
36486,James Marcinkowski,Jake Nerwinski,-0.5976236080060555
1048,Arnaud Souquet,Arnaud Souquet,-0.6137566070770831
123434,Jackson Ragen,Jackson Ragen,-0.6171276862803473
27217,Graham Zusi,Graham Zusi,-0.6183945020545762
46584,Ibrahim Sunusi,Graham Zusi,-0.6183945020545762
332775,Célio Antonio Pompeu Pinheiro Martins,Célio Pompeu,-0.6218589393885904
27194,Marvin Antonio Loría Leitón,Marvin Loría,-0.630793193516538
166527,Mohamed Ramzdine Farsi,Mohamed Farsi,-0.636965006990929
34534,Ema Twumasi,Mohamed Farsi,-0.636965006990929
43209,Edison Alexander Azcona Vélez,Adilson Malanda,-0.6481258498613094
35429,Adilson Malanda,Adilson Malanda,-0.6481258498613094
617483,Andrew Privett,Andrew Privett,-0.6517563777707404
27151,Andrew Farrell,Andrew Privett,-0.6517563777707404
31139,Dayne St. Clair,Dante Vanzeir,-0.6519732433037703
34538,Drake Callender,Dante Vanzeir,-0.6519732433037703
14664,Logan Ndenbe,Logan Ndenbe,-0.6529990673344089
67049,Joseph Yeramid Rosales Erazo,Joseph Rosales,-0.6563157042420492
149788,Jackson Hopkins,Jackson Hopkins,-0.6572469906684423
543042,Jorge Leguín Cabezas Hurtado,Jorge Cabezas,-0.6612239824328967
36560,Spencer Richey,Sean Rea,-0.66645217353334
25478,Stefan Frei,Sean Rea,-0.66645217353334
49304,David Justin Kirk Taylor,D.J. Taylor,-0.6681036347349759
43274,Rubio Yovani Méndez Rubín,Rubio Rubin,-0.6729311653721917
36502,Amar Sejdič,Amar Sejdic,-0.6770891507390158
3676,Fredy Henkyer Montero Muñoz,Fredy Montero,-0.677468081763846
26539,Federico Darío Navarro,Federico Navarro,-0.6813973623994825
24831,Jean Mota Oliveira de Sousa,Santiago Sosa,-0.7013283369622456
68557,Connor Ronan,Connor Ronan,-0.710253950905816
14350,Diego José Palacios Espinoza,Diego Palacios,-0.7136820018767438
362,Albert Rusnák,Albert Rusnák,-0.7178744506508903
17899,Russell Teibert,Russell Canouse,-0.7187952973272337
24751,Russell Canouse,Russell Canouse,-0.7187952973272337
36600,Kendall McIntosh,Russell Canouse,-0.7187952973272337
63447,Jacob Davis,Jake Davis,-0.7237730048561415
11477,Bakaye Dibassy,Jake Davis,-0.7237730048561415
11700,Erick Javier Davis Grajales,Jake Davis,-0.7237730048561415
14053,Gabriele Corbo,Gabriele Corbo,-0.730463530034571
34523,Aarón Herrera,Aaron Herrera,-0.7340804044723214
30468,Ronald José Hernández Pimentel,Ronald Hernández,-0.7584431324560793
332800,Alonso Coello Camarero,Alonso Coello,-0.7614906962530184
12306,Sergi Palencia Hurtado,Sergi Palencia,-0.7642849988324556
24261,Daniel Lovitz,Daniel Lovitz,-0.7767946609440174
230597,Cassius Mailula,Chris Mavinga,-0.7781229941008735
1799,Chris Mavinga,Chris Mavinga,-0.7781229941008735
15858,Mauricio Ernesto Pereyra Antonini,Mauricio Pereyra,-0.7813031980350376
35351,Tai Baribo,Ethan Bartlow,-0.7876006372745386
27132,Ethan Zubak,Ethan Bartlow,-0.7876006372745386
33121,Ethan Bristow,Ethan Bartlow,-0.7876006372745386
57240,Ethan Bartlow,Ethan Bartlow,-0.7876006372745386
36462,Ethan Dobbelaere,Ethan Bartlow,-0.7876006372745386
28587,Derrick Jones,Derrick Jones,-0.7901859348955315
34521,Maikel Chang,Maikel Chang,-0.8059583522655004
36523,Cristián Daniel Gutiérrez Zúñiga,Brian Gutiérrez,-0.8204041736052544
36544,Brian Gutiérrez,Brian Gutiérrez,-0.8204041736052544
127613,Diego Gutiérrez,Brian Gutiérrez,-0.8204041736052544
69967,Aimé Mabika,Aimé Mabika,-0.824281781444602
28754,Matias Pellegrini,Matías Pellegrini,-0.8292376446176261
27184,Olivier Mbaissidara Mbaizo,Olivier Mbaizo,-0.8399227174876939
43238,Oliver Love Larraz,Olivier Mbaizo,-0.8399227174876939
301533,Hugo-Hilaire Mbongue,Olivier Mbaizo,-0.8399227174876939
36554,Yamil Rodrigo Asad,Yamil Asad,-0.8405398571928637
332774,Akil Watts,Yamil Asad,-0.8405398571928637
18061,Alvas Powell,Alvas Powell,-0.8468905250586055
17972,Wil Trapp,Wil Trapp,-0.8510580664606351
126075,Niko Tsakiris,Niko Tsakiris,-0.851836680090654
17393,Alexandru Irinel Măţan,Alexandru Mățan,-0.8672220293975863
458069,Olwethu Makhanya,Alexandru Mățan,-0.8672220293975863
574567,Nathan-Dylan Saliba,Nathan Saliba,-0.8682108283599036
333892,Nathan Rafael Ordaz,Nathan Saliba,-0.8682108283599036
26794,Dru Yearwood,Dru Yearwood,-0.8772584187328769
17973,Aaron Long,Aaron Long,-0.890822415043993
333842,Jonathan Dean,Jonathan Mensah,-0.8928018457262317
5261,Jonathan Mensah,Jonathan Mensah,-0.8928018457262317
9252,Roman Bürki,Cory Burke,-0.8929243030639579
18067,Cory Burke,Cory Burke,-0.8929243030639579
140217,Kobe Franklin,Kobe Franklin,-0.9013242825074582
6250,Lionel Andrés Messi Cuccittini,Lionel Messi,-0.9268554599235466
27159,Teal Bunbury,Teal Bunbury,-0.939199818886119
123130,Kendall Burks,Teal Bunbury,-0.939199818886119
7913,Nemanja Radoja,Nemanja Radoja,-0.9523130124381444
36488,Tanner Beason,Tanner Beason,-0.9556481617395703
27218,Andreu Fontàs Prat,Andreu Font†s,-0.9580649808894576
68362,Bode Shane Hidalgo,Bode Hidalgo,-0.9644936596185748
53115,Micael Dos Santos Silva,Marcelo Silva,-0.9652130414072652
34526,Marcelo Andrés Silva Fernández,Marcelo Silva,-0.9652130414072652
17001,Jesús Jiménez Núñez,Jesús Jiménez,-0.9706156365276132
27106,Héctor Jiménez,Jesús Jiménez,-0.9706156365276132
36755,Julián Ezequiel Aude Bernardi,Julián Aude,-0.9737784852643088
34541,Dylan Nealis,Dylan Nealis,-0.9782680730073042
36525,Evan Bush,Sean Davis,-0.9792351427353232
24746,Sean Davis,Sean Davis,-0.9792351427353232
27119,Edwin Cerrillo,Edwin Cerrillo,-0.9822755075094594
7219,Matt Miazga,Matt Miazga,-0.9930147006374338
36471,Matt Real,Matt Miazga,-0.9930147006374338
333971,Matt Nocita,Matt Miazga,-0.9930147006374338
43191,Jonathan Alexander Pérez,Jonathan Perez,-1.0095374529983303
43201,Jonathan Bell,Jonathan Perez,-1.0095374529983303
26638,Richard Ledezma,Richy Ledezma,-1.011661891230779
36466,Érik Dueñas,Erik Duenas,-1.022316382670584
16542,Robin Jansson,Bertin Jacquesson,-1.0388324257654138
25143,João Paulo Mior,Joòo Paulo Mior,-1.0440090168594025
25603,Shaq Moore,Shaq Moore,-1.058383056681316
36529,Ryan Raposo,Ryan Raposo,-1.0627186351113171
36546,Miguel Ángel Navarro Zárate,Miguel Navarro,-1.0746453552499853
57496,Josh Bauer,Héber,-1.08543488009648
12028,Sigurd Rosted,Sigurd Rosted,-1.0857165388030647
36494,Cade Cowell,Cade Cowell,-1.088673759699926
24264,Sebastian Lletget,Sebastian Lletget,-1.092134817482438
28523,Franco Gabriel Ibarra,Franco Ibarra,-1.0949531820242369
3160,Erik Sviatchenko,Erik Sviatchenko,-1.0996830763325178
23860,Zarek Valentin,Jhojan Valencia,-1.1063726079009837
38292,Exon Gustavo Vallecilla Godoy,Jhojan Valencia,-1.1063726079009837
38891,Jhojan Manuel Valencia Jiménez,Jhojan Valencia,-1.1063726079009837
63280,Fernando Antonio Álvarez Amador,Efrain Alvarez,-1.1143470368220303
29742,Braian Alejandro Galván,Braian Galván,-1.1155568853351798
36962,Ibrahim Aliyu,Braian Galván,-1.1155568853351798
34545,Brian Anunga,Braian Galván,-1.1155568853351798
35963,Carlos Joaquim Antunes Dos Santos,Nuno Santos,-1.1184288673960343
43290,Benjamin Kikanović,Benjamin Kikanovic,-1.119561950369931
36499,Robbie Robinson,Robbie Robinson,-1.1200776054020916
22956,Luis Alfonso Abram Ugarelli,Luis Amarilla,-1.1302444472989035
332995,Jeremy Rafanello,Jere Uronen,-1.1392001240549368
4916,Jere Uronen,Jere Uronen,-1.1392001240549368
27225,Ayo Akinola,Ayo Akinola,-1.1398319336021816
214010,Matai Akinmboni,Ayo Akinola,-1.1398319336021816
152114,Yohei Takaoka,Ayo Akinola,-1.1398319336021816
43239,Darren Yapi,Darren Yapi,-1.1416554160714512
8021,Marcelo Nicolás Lodeiro Benítez,Nicolás Lodeiro,-1.1420452162591122
32787,Víctor Vázquez Solsona,Victor Pálsson,-1.156821093774199
657134,Moïse Bombito Lumpungu,Moïse Bombito,-1.1645337426132942
11063,Yuya Kubo,Yuya Kubo,-1.1835551287564003
333194,Jack Panayotou,Jack Elliott,-1.183843389745789
31155,Jack Elliott,Jack Elliott,-1.183843389745789
36526,Cristián Andrés Dájome Arboleda,Cristián Dajome,-1.1848960743872996
27153,Luís Alberto Caicedo Mosquera,Deiber Caicedo,-1.190960402768372
183892,Esmir Bajraktarević,Esmir Bajraktarevic,-1.1983817876491882
71091,Marco Antonio Angulo Solorzano,Marco Angulo,-1.1985301457227504
36464,Jesús David Murillo Largacha,Jesús David Murillo,-1.2003815342843498
27150,Maximiliano Nicolás Urruti Mussa,Maximiliano Urruti,-1.2680684247957774
18322,Derrick Etienne Jr.,Derrick Etienne,-1.270858201432124
27127,Tommy McNamara,Tommy Thompson,-1.289113281172189
36493,Tommy Thompson,Tommy Thompson,-1.289113281172189
31055,Marinos Tzionis,Marinos Tzionis,-1.3042322960702994
19196,Prince Osei Owusu,Marinos Tzionis,-1.3042322960702994
34791,Ían Jairo Misael Torres Ramírez,Jairo Torres,-1.344952123900087
64863,Novak Micović,Matko Miljevic,-1.452521141576736
32766,Marko Ilić,Matko Miljevic,-1.452521141576736
67244,Ajani Fortune,Ajani Fortune,-1.4592117203997472
67094,José Fajardo Nelson,José Fajardo,-1.5866190919027978
1108,Asier Illarramendi Andonegi,Xavier Arreaga,-1.6122434140360236
18269,Xavier Ricardo Arreaga Bermello,Xavier Arreaga,-1.6122434140360236
36583,Javier Casas,Xavier Arreaga,-1.6122434140360236
621193,Zavier Gozo,Xavier Arreaga,-1.6122434140360236
133421,Anthony Markanich,Anthony Markanich,-1.7751647829939374
5622,Junior Hoilett,Junior Hoilett,-1.810843398301085
