player_id,skillcorner_name,fbref_name,player_dribbling_skill
592212,J.C. Ngando,Jean-Claude Ngando,2.0076475722053666
186348,Emmanuel Ochoa Rico,Emmanuel Iwe,1.664851016005929
43191,Jonathan Alexander Pérez,Jonathan Perez,1.267899212510751
43209,Edison Alexander Azcona Vélez,Edison Azcona,1.1394345029611412
36499,Robbie Robinson,Robbie Robinson,1.0614906837922504
13432,Ricard Puig Martí,Riqui Puig,1.028913766322625
23855,Kevin Molino,Kevin Molino,0.9619796540768352
128927,Brandan Craig,Brandon Cambridge,0.8166076190184943
27037,Thiago Martins Bueno,Thiago Martins,0.7368621968122506
38539,Edwin Stiven Mosquera Palacios,Edwin Mosquera,0.7159491570019111
12569,Ján Greguš,Ján Greguš,0.6975256838033118
2858,Douglas Costa de Souza,Douglas Costa,0.6956806114241151
3943,Giorgio Chiellini,Giorgio Chiellini,0.6863455252242215
5622,Junior Hoilett,Junior Hoilett,0.6816506048683633
27218,Andreu Fontàs Prat,Andreu Fontàs,0.6683150986901932
3357,Felipe Gutiérrez,Felipe Gutiérrez,0.6665270488351284
23718,Rudy Camacho,Rudy Camacho,0.6571411918136573
34515,Tim Melia,Tim Leibold,0.6501209724304745
19143,Tim Leibold,Tim Leibold,0.6501209724304745
620393,Levonte Johnson,Levonte Johnson,0.6409904304958993
24262,Sean Johnson,Levonte Johnson,0.6409904304958993
653191,Gino Vivi Quesada,Gino Vivi,0.6283996780079744
36574,Luis Barraza,Luis Díaz,0.62627380919937
36450,Carles Gil de Pareja Vicent,Carles Gil,0.6042423314304782
36617,Maxime Crépeau,Maxime Chanot,0.6003069339332502
332775,Célio Antonio Pompeu Pinheiro Martins,Célio Pompeu,0.5778143286419843
38292,Exon Gustavo Vallecilla Godoy,Gustavo Vallecilla,0.5673305616476999
26300,Thiago Ezequiel Almada,Thiago Almada,0.5575325287353653
36471,Matt Real,Matthew Real,0.5375725811549354
36491,Matt Bersano,Matthew Real,0.5375725811549354
36470,Matt Freese,Matthew Real,0.5375725811549354
4237,Héctor Miguel Herrera López,Héctor Herrera,0.5218918895209532
28742,Tomás Alejandro Chancalay,Tomás Chancalay,0.5125342284618778
25439,Emanuel Reynoso,Emanuel Reynoso,0.5091911686539836
332939,David Antonio Ochoa Posas,Antonio Carlos,0.5033642041785591
31607,Antônio Carlos Cunha Capocasali Junior,Antonio Carlos,0.5033642041785591
19526,Orrin McKinze Gaines II,McKinze Gaines,0.4993728605804264
43277,Andrew Brody,Andrew Brody,0.496612511388224
36557,Joel Robert Waterman,Joel Waterman,0.4857588066115013
14440,Maarten Paes,Max Arfsten,0.4822344946684244
332886,Maximilian Arfsten,Max Arfsten,0.4822344946684244
332870,Devin Padelford,Devin Padelford,0.4661721188242035
36529,Ryan Raposo,Ryan Raposo,0.4612633086066739
6286,Lorenzo Insigne,Lorenzo Insigne,0.4581517170352159
34512,Dante Sealy,Dante Sealy,0.4567212814852039
43192,Hunter Sulte,Dante Sealy,0.4567212814852039
27217,Graham Zusi,Graham Zusi,0.4512508245457659
46584,Ibrahim Sunusi,Graham Zusi,0.4512508245457659
8250,Oriol Rosell Argerich,Oriol Rosell,0.4505626486881204
6250,Lionel Andrés Messi Cuccittini,Lionel Messi,0.4470790806514833
14664,Logan Ndenbe,Logan Ndenbe,0.4456265414829445
27162,Ismael Tajouri-Shradi,Ismael Tajouri-Shradi,0.4425974859681869
24205,Jakob Glesnes,Jakob Glesnes,0.4407253351831297
25482,Nouhou Tolo,Nouhou Tolo,0.4385678518291368
153170,Ali Ahmed,Ali Ahmed,0.43505033024604
332802,Luka Gavran,Lucas Zelarayán,0.4329765370928625
25474,Steven Mehrdad Beitashour,Steven Moreira,0.4224077918736418
36479,Steve Clark,Steven Moreira,0.4224077918736418
24752,Steve Birnbaum,Steven Moreira,0.4224077918736418
10105,Steven Moreira,Steven Moreira,0.4224077918736418
28934,Mateusz Bogusz,Mateusz Bogusz,0.4196019110938968
27101,Danny Wilson,Danny Wilson,0.4090271593353854
31134,José Guillermo Rodríguez,Memo Rodriguez,0.4058255119985103
69262,Abraham Rodriguez,Memo Rodriguez,0.4058255119985103
156487,Missael Rodríguez Padilla,Memo Rodriguez,0.4058255119985103
110472,Dagur Dan Thórhallsson,Dagur Dan Þórhallsson,0.4025936778810938
224557,Brooklyn Raines,Brooklyn Raines,0.3994759766676758
116527,Julián Fernández,Julián Fernández,0.3983073098682601
14002,Juan Camilo Hernández Suárez,Julián Fernández,0.3983073098682601
127615,Ryan Spaulding,Ryan Spaulding,0.3956777932457531
568,Alexandre Nascimento Costa Silva,Xande Silva,0.3931837433560599
1108,Asier Illarramendi Andonegi,Asier Illarramendi,0.3864696769307829
31603,Rafael Lucas Cardoso dos Santos,Rafael Santos,0.3853906096922034
75760,Antony Alves Santos,Rafael Santos,0.3853906096922034
2610,Denis Bouanga,Denis Bouanga,0.3815270067013194
26472,Alan Agustín Velasco,Alan Velasco,0.3691050173844732
27168,Justin Haak,Justin Haak,0.3686232672796957
126074,Ian Murphy,Ian Murphy,0.3606386128209552
24253,Kamal Anthony Miller,Kamal Miller,0.3536843512075422
19060,Erik Thommy,Erik Thommy,0.3505044779663799
32149,Cristián Gonzalo Olivera Ibarra,Cristian Olivera,0.340255047790982
36931,Kristijan Kahlina,Cristian Olivera,0.340255047790982
36527,Ranko Veselinović,Ranko Veselinović,0.3345534811280589
27154,DeJuan Lytelle Jones,DeJuan Jones,0.3312724002299829
27087,Miles Robinson,Miles Robinson,0.3266355344982879
33121,Ethan Bristow,Ethan Bartlow,0.3212761255505056
35351,Tai Baribo,Ethan Bartlow,0.3212761255505056
36462,Ethan Dobbelaere,Ethan Bartlow,0.3212761255505056
57240,Ethan Bartlow,Ethan Bartlow,0.3212761255505056
26438,Gastón Claudio Giménez,Gastón Giménez,0.3187459834889025
46583,Reed Baker-Whiting,Reed Baker-Whiting,0.318395875379179
34534,Ema Twumasi,Ema Twumasi,0.3077831289923238
24254,Richie Laryea,Richie Laryea,0.2902084642075568
17896,Samuel Ayomide Adekugbe,Sam Adekugbe,0.2895920496111202
543042,Jorge Leguín Cabezas Hurtado,Jorge Cabezas,0.284505345968131
42552,Ramiro Enrique Paz,Ramiro Enrique,0.2825825018452343
44185,Daniel Pereira Gil,Daniel Pereira,0.2815520883850068
332893,Axel Kei,Daniel Pereira,0.2815520883850068
9594,Scott Arfield,Scott Arfield,0.2805264366181679
27152,Scott Caldwell,Scott Arfield,0.2805264366181679
4916,Jere Uronen,Júnior Urso,0.2756770187469485
17452,Derrick Williams,Derrick Williams,0.2747909267824911
10566,Tyler Boyd,Tyler Boyd,0.2730404678230874
362,Albert Rusnák,Albert Rusnák,0.2723204881252928
36464,Jesús David Murillo Largacha,Jesús David Murillo,0.2715247468565217
27170,Alexander Ring,Alexander Ring,0.2690270039551217
133875,Diego Alexander Gómez Amarilla,Alexander Ring,0.2690270039551217
34526,Marcelo Andrés Silva Fernández,Ronald Hernández,0.2687829404539401
30468,Ronald José Hernández Pimentel,Ronald Hernández,0.2687829404539401
629574,Noel Caliskan,Noel Buck,0.2660517934390591
144562,Noel Buck,Noel Buck,0.2660517934390591
41101,Stipe Biuk,Stipe Biuk,0.2617528607138041
27095,Diego Iván Rubio Kostner,Diego Rubio,0.2600572259800233
28656,Claudio Nicolás Bravo,Claudio Bravo,0.2580227649687187
67244,Ajani Fortune,Ajani Fortune,0.2575365904927502
27189,Julio César Cascante Solórzano,Julio Cascante,0.2436515748980765
31153,Cole Bassett,Cole Bassett,0.2431587754868865
689747,London Aghedo,Alejandro Bedoya,0.2424668556257565
27188,Alejandro Bedoya,Alejandro Bedoya,0.2424668556257565
43189,Adam Jesus Jr Esparza Saldaña,Adalberto Carrasquilla,0.239851486340987
31975,Adalberto Eliecer Carrasquilla Alcazar,Adalberto Carrasquilla,0.239851486340987
17971,Ben Sweat,Ben Sweat,0.2392433228792398
5682,Kamil Jóźwiak,Kamil Jóźwiak,0.238269323206886
17972,Wil Trapp,Wil Trapp,0.2375459166915456
31151,Sebastian Anderson,Sebastián Blanco,0.2367449838423062
23846,Sebastián Marcelo Blanco,Sebastián Blanco,0.2367449838423062
12548,Sergiy Kryvtsov,Serhiy Kryvtsov,0.2362032008132835
39455,Willy Agada,William Agada,0.2318457317018201
12317,Keaton Parks,Keaton Parks,0.2302373110455749
657134,Moïse Bombito Lumpungu,Moïse Bombito,0.2300444047557904
9207,Róger Aníbal Espinoza Ramírez,Roger Espinoza,0.2292373055677732
25467,Walker Dwain Zimmerman,Walker Zimmerman,0.2290424438076783
20016,Sebastian Kowalczyk,Sebastian Kowalczyk,0.2264273213725822
24761,Emmanuel Agyenim Boateng,Emmanuel Boateng,0.2244855140268774
19137,Eduard Löwen,Eduard Löwen,0.2238267748480893
27228,Jacob Everett Shaffelburg,Jacob Shaffelburg,0.2223999043502113
18303,Jefferson David Savarino Quintero,Jefferson Savarino,0.2210180249227132
7913,Nemanja Radoja,Nemanja Radoja,0.2204016813716019
64863,Novak Micović,Matko Miljevic,0.2195037320676582
32766,Marko Ilić,Matko Miljevic,0.2195037320676582
25169,Matheus Rossetto,Matheus Rossetto,0.2189749998659026
24265,Jackson Yueill,Jackson Yueill,0.2183000880956619
332800,Alonso Coello Camarero,Alonso Coello,0.2167150401002768
5201,Johnathon Simpson Snedden Russell,Johnny Russell,0.2164719985535436
13633,João Klauss de Mello,Johnny Russell,0.2164719985535436
5326,Jordi Alba Ramos,Jordi Alba,0.2117103489997107
36438,Aidan Morris,Aidan Morris,0.2103904513048432
17923,Bryan Josué Acosta Ramos,Bryan Acosta,0.2096211611144925
33634,Ryan Gauld,Ryan Gauld,0.2050700281878159
160372,Ryan Sailor,Ryan Gauld,0.2050700281878159
25143,João Paulo Mior,João Paulo Mior,0.2014815904219562
25951,Carlos Terán Díaz,Carlos Terán,0.2010931840242816
36583,Javier Casas,Javier Casas,0.1975428593271945
165145,Diego Ángel Luna,Diego Luna,0.1974428735145856
24760,Luciano Federico Acosta,Luciano Acosta,0.1963011092061698
34535,John McCarthy,Dax McCarty,0.1958910793378227
31163,Dax McCarty,Dax McCarty,0.1958910793378227
17907,Jonathan Osorio,Jonathan Osorio,0.1958548588484921
36500,Christian Frederick Bayoi Makoun Reyes,Christian Makoun,0.1938838909689877
25015,Matt Polster,Matt Polster,0.1899183579443652
31176,Wyatt Omsberg,Matt Polster,0.1899183579443652
69967,Aimé Mabika,Aimé Mabika,0.1890157482900653
24995,Robert Voloder,Robert Voloder,0.1846761923092225
26539,Federico Darío Navarro,Federico Navarro,0.1846431439114237
36556,Earl Edwards Jr.,Raheem Edwards,0.1839473899559738
36567,Raheem Edwards,Raheem Edwards,0.1839473899559738
34538,Drake Callender,Dante Vanzeir,0.183479779667135
31139,Dayne St. Clair,Dante Vanzeir,0.183479779667135
574703,Peter Stroud,Peter Stroud,0.1798111907076367
27212,Dániel Sallói,Dániel Sallói,0.1789940646410498
31785,Daniel De Sousa Brito,Dániel Sallói,0.1789940646410498
132623,Theodore Ku-Dipietro,Theodore Ku-Dipietro,0.1752672349426747
124335,Tomás Gómez,Carlos Gómez,0.1702450722804366
22209,Lassi Lappalainen,Lassi Lappalainen,0.1662223437714973
7219,Matt Miazga,Matt Miazga,0.1659400402066752
333971,Matt Nocita,Matt Miazga,0.1659400402066752
38285,Juan David Mosquera López,Juan David Mosquera,0.1653683084939952
25093,Lucas Lima Linhares,Lucas Calegari,0.1649669223501797
22207,Leo Väisänen,Leo Väisänen,0.1646768882176157
868,Andy Aryel Najar Rodríguez,Santiago Rodríguez,0.1624163771727438
28307,Antônio Josenildo Rodrigues de Oliveira,Santiago Rodríguez,0.1624163771727438
25977,Santiago Mariano Rodríguez Molina,Santiago Rodríguez,0.1624163771727438
24969,Braian Óscar Ojeda Rodríguez,Santiago Rodríguez,0.1624163771727438
458069,Olwethu Makhanya,Alexandru Mățan,0.1618877433281747
17393,Alexandru Irinel Măţan,Alexandru Mățan,0.1618877433281747
36437,Luis Mario Díaz Espinoza,Cristian Espinoza,0.1604420624813188
27203,Cristian Omar Espinoza,Cristian Espinoza,0.1604420624813188
18269,Xavier Ricardo Arreaga Bermello,Xavier Arreaga,0.160152536307785
621193,Zavier Gozo,Xavier Arreaga,0.160152536307785
140216,Sean Zawadzki,Sean Zawadzki,0.1589794171488689
36508,Jonathan Sirois,Jonathan Lewis,0.1587728524291252
27098,Jonathan Lewis,Jonathan Lewis,0.1587728524291252
10476,Tomáš Vaclík,Tomáš Ostrák,0.1559434228381
26123,Tomáš Ostrák,Tomáš Ostrák,0.1559434228381
27177,Ruan Gregorio Teixeira,Georgios Koutsias,0.1549073365554086
28242,Gregore de Magalhães da Silva,Georgios Koutsias,0.1549073365554086
30057,Georgios Koutsias,Georgios Koutsias,0.1549073365554086
34521,Maikel Chang,Maikel Chang,0.1529620560983767
7128,Mateusz Klich,Mateusz Klich,0.1523372276006314
27202,Damir Kreilach,Damir Kreilach,0.1522783690013946
124341,George Marks,George Campbell,0.1522771319252854
27089,George Campbell,George Campbell,0.1522771319252854
36458,Rodrigo Adrián Schlegel,Rodrigo Schlegel,0.1453833077567498
3333,Federico Bernardeschi,Federico Bernardeschi,0.1450764473297717
67049,Joseph Yeramid Rosales Erazo,Joseph Rosales,0.1432508165386402
36505,James Pantemis,James Sands,0.1426379436659797
27166,James Sands,James Sands,0.1426379436659797
27110,Ryan Hollingshead,Ryan Hollingshead,0.1392991846094874
620927,Emeka Eneli,Emeka Eneli,0.1391891176064879
18531,Billy Sharp,Billy Sharp,0.1380621506478055
32314,Facundo Hernán Farías,Facundo Farías,0.1362062943411802
43212,Tomás Lían Romero Keubler,Fabian Herbers,0.1357321852342927
27090,Fabian Herbers,Fabian Herbers,0.1357321852342927
36544,Brian Gutiérrez,Brian Gutiérrez,0.134586958577176
15605,Yevgen Cheberko,Yevhen Cheberko,0.1321387996761179
27742,Teenage Hadebe,Yevhen Cheberko,0.1321387996761179
4206,Hany Mukhtar,Hany Mukhtar,0.1307062611164585
13214,Sebastián Driussi,Sebastián Driussi,0.1305215523709435
11063,Yuya Kubo,Yuya Kubo,0.1290318210169876
23455,Gadi Kinda,Gadi Kinda,0.1267625769406313
13097,Amine Bassi,Amine Bassi,0.1247062319067419
36502,Amar Sejdič,Amar Sejdic,0.1220793238477506
33829,Cameron Harper,Cameron Harper,0.1209421700486299
14006,Carlos Akapo Martínez,Carlos Akapo,0.1188018122930332
27094,Charles Kwabena Sapong,Carlos Akapo,0.1188018122930332
35673,Santiago Moreno,Santiago Moreno,0.1184396017331878
24260,Jordan Perry Morris,Jordan Morris,0.1182324584319401
25466,Diego Martín Rossi Marachlian,Diego Rossi,0.1151162322285654
36494,Cade Cowell,Cade Cowell,0.1109678879279256
149298,Adam Pearlman,Andrés Perea,0.1090387902508369
36461,Andrés Felipe Perea Castañeda,Andrés Perea,0.1090387902508369
24258,Liam Scott Fraser,Liam Fraser,0.1087435914297668
23847,Darlington Nagbe,Darlington Nagbe,0.1066321924849386
24113,Khiry Shelton,Khiry Shelton,0.1064172284746362
574567,Nathan-Dylan Saliba,Nathan Saliba,0.1056159758736408
25506,Joakim Nilsson,Sam Nicholson,0.1035400419858042
9478,Sam Nicholson,Sam Nicholson,0.1035400419858042
1542,Bryan Josue Oviedo Jimenez,Bryan Oviedo,0.1006950522327902
35719,Dany Alejandro Rosero Valencia,Brandon Servania,0.099008595699008
36604,Nkosi Tafari Burgess,Nkosi Tafari,0.0939082853446907
16542,Robin Jansson,Robin Jansson,0.0929310965902446
120296,Sang-Bin Jeong,Robin Jansson,0.0929310965902446
27130,Daniel Steres,Daniel Steres,0.088868165601423
35963,Carlos Joaquim Antunes Dos Santos,Nuno Santos,0.0877812753991679
38891,Jhojan Manuel Valencia Jiménez,Jhojan Valencia,0.0852598358875971
43204,Nigel Robertha,Nigel Robertha,0.0851782956766454
123142,Bongokuhle Hlongwane,Bongokuhle Hlongwane,0.0839063553576134
162415,Kerwin Andrés Calderón Vargas,Kerwin Vargas,0.0824709762160793
31847,Iván Darío Angulo Cortés,Iván Angulo,0.0795215433206651
31156,Kacper Przybyłko,Kacper Przybyłko,0.078518006933355
123128,Noah Allen,Noah Allen,0.0771725760243708
23205,Brayan Emanuel Vera Ramírez,Brayan Vera,0.0766489828311135
24744,Ryan Meara,Brayan Vera,0.0766489828311135
25185,Talles Magno Bacelar Martins,Talles Magno,0.0762376104352248
29462,Christopher Donald McVey,Christopher McVey,0.0747704457869881
58947,Samuel Oluwabukunmi Adeniran,Samuel Adeniran,0.0743377725927515
27227,Griffin Dorsey,Griffin Dorsey,0.0727258787459991
334747,Griffin Dillon,Griffin Dorsey,0.0727258787459991
71091,Marco Antonio Angulo Solorzano,Marco Angulo,0.0714568716207118
27192,Jeremy Ebobisse,Jeremy Ebobisse,0.0689570307339306
332995,Jeremy Rafanello,Jeremy Ebobisse,0.0689570307339306
68557,Connor Ronan,Connor Ronan,0.0659957113096714
34294,Facundo Daniel Torres Pérez,Facundo Torres,0.0648900476486458
23870,Harrison Afful,Harrison Afful,0.0642529842571303
27211,Josh Atencio,Joshua Atencio,0.0630273458479789
332777,Joshua Yaro,Joshua Atencio,0.0630273458479789
1048,Arnaud Souquet,Arnaud Souquet,0.0620826275918831
36522,Jack Skahan,Jack Skahan,0.0617031180616259
34543,Jack Maher,Jack Skahan,0.0617031180616259
27126,Adam Lundkvist,Adam Lundqvist,0.061081967664305
61099,Adam Grinwis,Adam Lundqvist,0.061081967664305
28644,Facundo Tomás Quignón,Facundo Quignon,0.061000368122353
27158,Gustavo Leonardo Bou,Gustavo Bou,0.060950457303685
15858,Mauricio Ernesto Pereyra Antonini,Mauricio Pereyra,0.059951003046634
26638,Richard Ledezma,Richy Ledezma,0.0575046444912396
11701,Aníbal Cesis Godoy,Aníbal Godoy,0.0557328679010707
27142,Michael Boxall,Michael Boxall,0.0547778526333878
34775,Juan José Sánchez Purata,Juan José Sánchez,0.0528903746193288
159694,Paul Miles Rothrock,Paul Rothrock,0.0525565038577996
31149,Lalas Abubakar,Lalas Abubakar,0.0512913889605433
238473,Bernard Kamungo,Bernard Kamungo,0.0510970558477981
27119,Edwin Cerrillo,Edwin Cerrillo,0.0495821840251325
333892,Nathan Rafael Ordaz,Nathan Ordaz,0.0489100524301962
34791,Ían Jairo Misael Torres Ramírez,Jairo Torres,0.0477243398342989
27159,Teal Bunbury,Teal Bunbury,0.0456759642808729
125779,Jacob Jackson,Aziel Jackson,0.0432119792562422
49305,Aziel Jackson,Aziel Jackson,0.0432119792562422
36558,Franuel Amaya,Frankie Amaya,0.0392626588954152
23851,Dairon Estibens Asprilla Rivas,Dairon Asprilla,0.0353537923458466
27139,Hassani Dotson,Hassani Dotson,0.0338783802535171
31055,Marinos Tzionis,Marinos Tzionis,0.0335754335937338
33010,Rafael Navarro Leal,Rafael Navarro,0.0331282678937339
36487,Paul Marie,Paul Marie,0.0329462358068236
123734,Caleb Wiley,Caleb Wiley,0.0292099376262269
27194,Marvin Antonio Loría Leitón,Marvin Loría,0.0263234635531806
12306,Sergi Palencia Hurtado,Sergi Palencia,0.0257513381295997
36466,Érik Dueñas,Erik Duenas,0.0237540563086092
24259,Cristian Roldán,Cristian Roldan,0.0212909038126458
360067,Christian McFarlane,Cristian Roldan,0.0212909038126458
166527,Mohamed Ramzdine Farsi,Mohamed Farsi,0.0210186892165822
25057,Joaquín Eduardo Torres,Joaquín Torres,0.0197409800885044
27144,Samuel Piette,Samuel Piette,0.0185842925907281
27127,Tommy McNamara,Tommy Thompson,0.0181267877851641
36493,Tommy Thompson,Tommy Thompson,0.0181267877851641
13540,Evander da Silva Ferreira,Jesús Ferreira,0.0166558309027326
27115,Jesús David Ferreira Castro,Jesús Ferreira,0.0166558309027326
31444,Nicolás Marcelo Stefanelli,Nicolás Stefanelli,0.0165312200848615
36579,Sebastian Berhalter,Sebastian Berhalter,0.0138524388052653
31136,Sam Junqua,Sam Junqua,0.0113649195958816
149304,Jojea Kwizera,Jojea Kwizera,0.0107667960189741
38158,Iván René Franco Díaz,Iván Franco,0.0104701706365698
66358,Nelson Giovany Quiñones Iturre,Nelson Quiñones,0.0096008516068558
18067,Cory Burke,Cory Burke,0.0072665125859049
9252,Roman Bürki,Cory Burke,0.0072665125859049
43207,Jack McGlynn,Jack McGlynn,0.0063571502450617
26463,Álvaro Martin Barreal,Álvaro Barreal,0.0036573220070401
35620,Tristan Muyumba Nkita,Tristan Muyumba,0.0032740144038844
17494,Robert Taylor,Robert Taylor,0.0028135825158067
59297,Robert Castellanos,Robert Taylor,0.0028135825158067
17968,Fafà Picault,Fafà Picault,0.0018720196914237
625256,Ousman Jabang,Ousman Jabang,0.0003560926676657
24768,Andrew Gutman,Andrew Gutman,-0.00033210760949
1424,Brad Guzan,Andrew Gutman,-0.00033210760949
36526,Cristián Andrés Dájome Arboleda,Cristián Dajome,-0.0025784300154795
27100,Kei Ansu Kamara,Kei Kamara,-0.0026378044040604
36551,Alec Kann,Malte Amundsen,-0.0069890756425839
33032,Malte Amundsen,Malte Amundsen,-0.0069890756425839
36609,Tayvon Gray,Tayvon Gray,-0.0075728634452904
36468,Kwadwo Opoku,Kwadwo Opoku,-0.0084899486820013
23769,José Antonio Martínez Gil,José Andrés Martínez,-0.0122901519037291
5448,Josef Alexander Martínez,José Andrés Martínez,-0.0122901519037291
36469,José Andrés Martínez Torres,José Andrés Martínez,-0.0122901519037291
66806,Adrián Alonso Martínez Batista,José Andrés Martínez,-0.0122901519037291
36436,José Artur de Lima Júnior,José Andrés Martínez,-0.0122901519037291
73332,Carlos Andrés Gómez Hinestroza,José Andrés Martínez,-0.0122901519037291
43215,Jáder Rafael Obrian Arias,Jáder Obrian,-0.0136237862789533
27219,Ilie Sánchez Farrés,Ilie Sánchez,-0.017497637244714
332982,Benjamin Cremaschi,Ben Cremaschi,-0.0180430301903972
24738,Kyle Duncan,Kyle Duncan,-0.0181396760734484
33934,Obinna Nwobodo,Obinna Nwobodo,-0.018441922144909
36600,Kendall McIntosh,Kendall Burks,-0.0187735851611177
123130,Kendall Burks,Kendall Burks,-0.0187735851611177
36525,Evan Bush,Kendall Burks,-0.0187735851611177
27193,Marco Farfán,Marco Farfan,-0.0227104739862948
31162,Romell Samir Quioto Robinson,Romell Quioto,-0.0230564796121252
29296,Jon Gallagher,Jon Gallagher,-0.0239471031848385
149790,Roman Celentano,Brooks Lennon,-0.0241342789749425
36552,Brooks Lennon,Brooks Lennon,-0.0241342789749425
224209,Stephen Turnbull,Stephen Turnbull,-0.0243246495765193
7359,Maya Yoshida,Yaw Yeboah,-0.0247520995045323
33570,Yaw Yeboah,Yaw Yeboah,-0.0247520995045323
657894,Julian Zakrewski Hall,Julian Gressel,-0.0254204929457463
36553,Julian Gressel,Julian Gressel,-0.0254204929457463
27204,Judson Silva Tavares,Sidnei Tavares,-0.0255537654708934
40021,Sidnei Wilson Vieira David Tavares,Sidnei Tavares,-0.0255537654708934
28754,Matias Pellegrini,Matías Pellegrini,-0.0282845274561119
67872,Ben Lundt,Ben Bender,-0.0293312501879235
31159,Joe Bendik,Ben Bender,-0.0293312501879235
34546,Dave Romney,Daniel Rosero,-0.0315326855445395
18061,Alvas Powell,Alvas Powell,-0.0326065121569031
24261,Daniel Lovitz,Daniel Lovitz,-0.0341107240963815
19151,Timothy Tillman,Timmy Tillman,-0.0367407610410794
68362,Bode Shane Hidalgo,Bode Hidalgo,-0.0377464457162547
26275,Yeimar Pastor Gómez Andrade,Yeimar Gómez Andrade,-0.0419799963340227
36444,Jimmy Gerardo Medranda Obando,Yeimar Gómez Andrade,-0.0419799963340227
31520,Ocimar de Almeida Júnior,Marky Delgado,-0.0439381515958599
17964,Mark Delgado,Marky Delgado,-0.0439381515958599
43219,Javain Brown,Javain Brown,-0.0476741085643557
34523,Aarón Herrera,Aaron Herrera,-0.0483620825679122
332774,Akil Watts,Akil Watts,-0.0491602029408387
164242,Njabulo Blom,Njabulo Blom,-0.0493930346402834
34542,Victor Ulloa,Victor Ulloa,-0.0524881215820591
173048,Amet Ylber Korça,Mender García,-0.0526053408070451
25953,Mender García Torres,Mender García,-0.0526053408070451
17914,Randall Enrique Leal Arley,Randall Leal,-0.0532139200927218
63447,Jacob Davis,Jake Davis,-0.0538181414014667
172107,Preston Judd,Preston Judd,-0.0545548492798458
11477,Bakaye Dibassy,Bakaye Dibassy,-0.0561856772695494
23872,Justin Meram,Justin Meram,-0.0573675856390529
127614,Justin Rasmussen,Justin Meram,-0.0573675856390529
43206,Quinn Sullivan,Quinn Sullivan,-0.0580025817672523
1818,Christian Benteke Liolo,Christian Benteke,-0.0581564907224328
26533,Franco Rodrigo Fragapane,Franco Fragapane,-0.0604490325966832
36549,Franco Nicolás Escobar,Franco Escobar,-0.0636654486590375
14350,Diego José Palacios Espinoza,Diego Palacios,-0.0653550400417521
69105,Owen Wolff,Owen Wolff,-0.0681138066299054
124336,Jasper Löffelsend,Jasper Löffelsend,-0.0701658999945349
13202,Aaron Salem Boupendza Pozzi,Aaron Boupendza,-0.0705614950788122
57237,Daniel Aguirre,Daniel Aguirre,-0.071308220702377
19303,Rafael Czichos,Rafael Czichos,-0.0717804376761296
36586,Zac McGraw,Zac McGraw,-0.073629701803215
31126,Zac MacMath,Zac McGraw,-0.073629701803215
36274,Anderson Andrés Julio Santos,Anderson Julio,-0.0739031465005943
68832,Eric Dick,Erick Davis,-0.0769542853651877
11700,Erick Javier Davis Grajales,Erick Davis,-0.0769542853651877
19196,Prince Osei Owusu,Prince Owusu,-0.0805893366802298
334451,Calvin Jay Fodrey,Calvin Harris,-0.0819489671136599
43223,Calvin Harris,Calvin Harris,-0.0819489671136599
31148,Clint Irwin,Calvin Harris,-0.0819489671136599
333059,Gavin Beavers,Calvin Harris,-0.0819489671136599
27149,Mathieu Choinière,Mathieu Choiniere,-0.0823946310744873
332763,Patrick Schulte,Patrick Agyemang,-0.0827635292280973
581148,Patrick Agyemang,Patrick Agyemang,-0.0827635292280973
36512,Ariel Daniel Lassiter Acuña,Ariel Lassiter,-0.0835833932788233
4651,Jamiro Gregory Monteiro Alvarenga,Jamiro Monteiro,-0.0873229908858431
17480,Giacomo Vrioni,Giacomo Vrioni,-0.0875561293783247
299527,Mauricio Aimar Cuevas,Mauricio Cuevas,-0.089101083291684
36594,Tyler Wolff,Tyler Wolff,-0.0905323613854399
27695,Chris Durkin,Chris Durkin,-0.0928752696200183
18322,Derrick Etienne Jr.,Derrick Etienne,-0.0949758823605361
18309,Júnior Leonardo Moreno Borrero,Junior Moreno,-0.0986156823522747
9563,Santiago Arias Naranjo,Santiago Arias,-0.1041757348758102
32787,Víctor Vázquez Solsona,Víctor Vázquez,-0.1047517395122523
36571,Jahkeele Marshall-Rutty,Jahkeele Marshall-Rutty,-0.1053093660835428
36476,Ralph-William Johnson Priso-Mbongue,Ralph Priso-Mbongue,-0.1066550664122998
31131,Joe Willis,Eryk Williamson,-0.1069505987056951
54635,Denil Omar Maldonado Munguía,Denil Maldonado,-0.1107129868762079
16581,Héber Araujo dos Santos,Pedro Santos,-0.111431883508922
8594,Pedro Miguel Martins Santos,Pedro Santos,-0.111431883508922
53115,Micael Dos Santos Silva,Pedro Santos,-0.111431883508922
27151,Andrew Farrell,Andrew Farrell,-0.1149556931810299
617483,Andrew Privett,Andrew Farrell,-0.1149556931810299
36440,Andrew Tarbell,Andrew Farrell,-0.1149556931810299
24264,Sebastian Lletget,Sebastian Lletget,-0.1151028746708151
183892,Esmir Bajraktarević,Esmir Bajraktarevic,-0.1156192507508551
43290,Benjamin Kikanović,Benjamin Kikanovic,-0.1158965981384957
26310,Braian Ezequiel Cufré,Braian Cufré,-0.1161596284516442
34847,Matthew Hoppe,Matthew Hoppe,-0.1181851909836559
27109,Matthew Hedges,Matthew Hoppe,-0.1181851909836559
16278,Maren Haile-Selassie,Maren Haile-Selassie,-0.1184835644095591
8021,Marcelo Nicolás Lodeiro Benítez,Nicolás Lodeiro,-0.1185027604058286
17069,Filip Krastev,Filip Krastev,-0.1235483614617916
36755,Julián Ezequiel Aude Bernardi,Julián Aude,-0.1255810635725862
333634,Isaiah Foster,Kristian Fletcher,-0.1301449325671604
36962,Ibrahim Aliyu,Braian Galván,-0.132860895274445
29742,Braian Alejandro Galván,Braian Galván,-0.132860895274445
25465,Tristan Blackmon,Tristan Blackmon,-0.1331500371859248
51554,Kervin Fabián Arriaga Villanueva,Kervin Arriaga,-0.1333388298438702
33791,Ian Harkes,Ian Harkes,-0.1337474463437896
27184,Olivier Mbaissidara Mbaizo,Olivier Mbaizo,-0.1347622626396443
43238,Oliver Love Larraz,Olivier Mbaizo,-0.1347622626396443
25462,Latif Blessing,Latif Blessing,-0.1361276285401144
584968,Nökkvi Thórisson,Nökkvi Þórisson,-0.1361815587217389
162855,Jacen Russell-Rowe,Jacen Russell-Rowe,-0.1365141112528674
8916,Rémi Walter,Rémi Walter,-0.1377421808544658
8755,Quentin Westberg,Rémi Walter,-0.1377421808544658
43293,Chris Brady,Michael Bradley,-0.1403700807308782
7408,Michael Bradley,Michael Bradley,-0.1403700807308782
36496,Jared Stroud,Jared Stroud,-0.1409058760927568
14075,Emiliano Ariel Rigoni,Emiliano Rigoni,-0.1409943562772701
23299,Omar Alejandro González,Mario González,-0.1411949198860453
23095,Mario González Gutiérrez,Mario González,-0.1411949198860453
140217,Kobe Franklin,Kobe Franklin,-0.1421070279325181
25603,Shaq Moore,Shaq Moore,-0.1423996679919521
126075,Niko Tsakiris,Niko Tsakiris,-0.1430216147979778
36453,Justin Rennicks,Justin Rennicks,-0.145400788701333
43240,Wikelman José Carmona Torres,Wikelman Carmona,-0.1456348701778393
78115,Damian Las,Damion Lowe,-0.1465518722830651
18059,Damion Lowe,Damion Lowe,-0.1465518722830651
23220,Paul Joseph Arriola Hendricks,Paul Arriola,-0.1467632779570054
12364,Dejan Joveljić,Dejan Joveljić,-0.1494285424881431
27182,Raymon Gaddis,Ray Gaddis,-0.1499400037147742
43202,José Antonio Alfaro Vázquez,Brandon Vazquez,-0.1548339188565949
332952,Gerardo Valenzuela,Brandon Vazquez,-0.1548339188565949
36563,Brandon Vázquez Toledo,Brandon Vazquez,-0.1548339188565949
35740,Yerson Mosquera Valdelamar,Yerson Mosquera,-0.1569641993871053
332936,Lawson Sunderland,Yerson Mosquera,-0.1569641993871053
11867,Wilder José Cartagena Mendoza,Wilder Cartagena,-0.1641191704375605
30921,Ignacio Gil de Pareja Vicent,Wilder Cartagena,-0.1641191704375605
12051,Alessandro Schöpf,Alessandro Schöpf,-0.164605075325161
10936,Xherdan Shaqiri,Xherdan Shaqiri,-0.1646531520296038
18225,Yimmi Javier Chará Zamora,Yimmi Chará,-0.1651690972216542
27137,Mason Toye,Mason Toye,-0.1669446507508347
36457,Mason Stajduhar,Mason Toye,-0.1669446507508347
34424,Gabriel Cordeiro Pirani,Gabriel Pirani,-0.1680385957998007
24751,Russell Canouse,Russell Canouse,-0.1684342971245834
17899,Russell Teibert,Russell Canouse,-0.1684342971245834
44445,César Nahuel Araújo Vilches,César Araujo,-0.1701631139622182
36554,Yamil Rodrigo Asad,Yamil Asad,-0.1703187034485592
66350,Nelson Daniel Palacio Ruiz,Nelson Palacio,-0.1726185836759304
34549,Elliot Panicco,Nelson Palacio,-0.1726185836759304
13405,Kévin Cabral,Kevin Cabral,-0.1727990701675503
18072,Kevon Lambert,Kevin Cabral,-0.1727990701675503
24759,Donovan Pines,Donovan Pines,-0.1734206743287635
1663,Carlos Alberto Vela Garrido,Carlos Vela,-0.1741489321974409
24739,Tim Parker,Tim Parker,-0.1765270995632893
31144,Jimmy Maurer,Tim Parker,-0.1765270995632893
23874,Ethan Finlay,Ethan Finlay,-0.1766383590822495
28587,Derrick Jones,Derrick Jones,-0.1769636293933542
36620,John Tolkin,John Tolkin,-0.1773113992422453
34517,John Pulskamp,John Tolkin,-0.1773113992422453
123434,Jackson Ragen,Jackson Ragen,-0.177949790022066
24266,Corey Baird,Corey Baird,-0.1779832430817234
31142,Dominique Badji,Dominique Badji,-0.1804553805983621
153171,Luis Enrique Jr Zamudio Lizardo,Dominique Badji,-0.1804553805983621
1455,Brecht Dejaegere,Brecht Dejaegere,-0.1805817816724279
27140,Osvaldo Alonso Moreno,Osvaldo Alonso,-0.1809589242741359
17974,Kellyn Acosta,Kellyn Acosta,-0.1849312974460011
11875,Raúl Mario Ruidíaz Misitich,Raúl Ruidíaz,-0.1876285452984153
36523,Cristián Daniel Gutiérrez Zúñiga,Cristián Gutiérrez,-0.18880341962015
34118,Birk Risa,Nick Lima,-0.1908159081200816
24763,Nick Hagglund,Nick Lima,-0.1908159081200816
24263,Nick Lima,Nick Lima,-0.1908159081200816
31661,Leonardo Alves Chú Franco,Leonardo Campana,-0.1927133769733112
24899,Leonardo Campana Romero,Leonardo Campana,-0.1927133769733112
24747,Omir Guadalupe Fernandez Mosso,Omir Fernandez,-0.1931386088553022
22956,Luis Alfonso Abram Ugarelli,Luis Amarilla,-0.1948294616425494
22122,Sam Surridge,Sam Surridge,-0.1973915013767271
123136,Deandre Kerr,Deandre Kerr,-0.1990303708152122
18057,Andre Blake,Deandre Kerr,-0.1990303708152122
36449,Henry Kessler,Deandre Kerr,-0.1990303708152122
31171,Alexander Roldán Leon,Alex Roldan,-0.2001571750017179
36475,Alex Bono,Alex Roldan,-0.2001571750017179
127613,Diego Gutiérrez,Diego Gutierrez,-0.2004839741185211
36560,Spencer Richey,Sean Rea,-0.2011020558279989
25478,Stefan Frei,Sean Rea,-0.2011020558279989
36577,Danny Musovski,Daniel Musovski,-0.2012431885636868
25969,Mathías Nicolás Laborda Malsenido,Mathías Laborda,-0.2020837438626229
16583,Dario Župarić,Dario Župarić,-0.2034602733953164
26794,Dru Yearwood,Dru Yearwood,-0.203500298683017
36486,James Marcinkowski,Jake Nerwinski,-0.2037342399601041
27232,Jake Nerwinski,Jake Nerwinski,-0.2037342399601041
43201,Jonathan Bell,Jonathan Dean,-0.2048745444522646
333842,Jonathan Dean,Jonathan Dean,-0.2048745444522646
18653,Jonathan Bond,Jonathan Dean,-0.2048745444522646
5261,Jonathan Mensah,Jonathan Dean,-0.2048745444522646
33848,Ousmane Doumbia,Ousmane Doumbia,-0.2093375405772325
38452,Guzmán Corujo Bríccola,Ousmane Doumbia,-0.2093375405772325
27150,Maximiliano Nicolás Urruti Mussa,Maximiliano Urruti,-0.2094451347527365
43273,Ahmed Hamdi Hussein Hafez,Ahmed Hamdi,-0.2108178605000712
574480,Mitja Ilenič,Mitja Ilenič,-0.2136628204787926
24748,Alex Muyl,Alex Muyl,-0.2149057348398801
28523,Franco Gabriel Ibarra,Franco Ibarra,-0.2164974934614255
27161,Sebastien Uchechukwu Ibeagha,Sebastien Ibeagha,-0.2183173651940556
25129,Jan Sobociński,Andre Shinyashiki,-0.2200212089695404
31158,Kai Wagner,Kai Wagner,-0.2214713553155889
43274,Rubio Yovani Méndez Rubín,Rubio Rubin,-0.2222619364581683
35429,Adilson Malanda,Adilson Malanda,-0.2238749691930843
26277,Gastón Nicolás González,Gaston Gonzalez,-0.2254642015950606
23282,Alan Pulido Izaguirre,Alan Pulido,-0.2267549267874089
25960,Andrés Felipe Reyes Ambuila,Andrés Reyes,-0.2289395787798143
1100,Ashley Westwood,Ashley Westwood,-0.2333039893458234
9749,Sergio Busquets Burgos,Sergio Busquets,-0.2334512487040008
27106,Héctor Jiménez,Jesús Jiménez,-0.2362034895137494
17001,Jesús Jiménez Núñez,Jesús Jiménez,-0.2362034895137494
34541,Dylan Nealis,Dylan Nealis,-0.236597317515546
36441,Shane O'Neill,Shane O'Neill,-0.2371741709738155
24755,Felipe Martins Campanholi,Luís Martins,-0.2372903731919037
123138,Lukas MacNaughton,Luís Martins,-0.2372903731919037
6437,Luís Carlos Ramos Martins,Luís Martins,-0.2372903731919037
28143,Rasmus Alm,Rasmus Alm,-0.2377138885698775
24691,Indiana Vassilev,Indiana Vassilev,-0.2387402295362261
24103,Franck Boli,Franck Boli,-0.2390568264921065
36343,Daniel Alonso Aceves Patiño,Alonso Aceves,-0.2412484362081874
36533,David Bingham,David Ruíz,-0.2435710873228697
123132,Daniel Edelman,Daniel Edelman,-0.2462065589795362
23540,Saba Lobjanidze,Saba Lobzhanidze,-0.2470299472092769
27147,Zachary Brault-Guillard,Zachary Brault-Guillard,-0.2515465219045158
27116,Paxton Pomykal,Paxton Pomykal,-0.2529690123332049
16268,Andreas Maxsø,Andrés Cubas,-0.2559703388756802
30968,Adrián Andrés Cubas,Andrés Cubas,-0.2559703388756802
27213,Jaylin Lindsey,Jaylin Lindsey,-0.2584009491725245
581396,Duncan McGuire,Duncan McGuire,-0.2615619192940915
2574,DeAndre Roselle Roselle Yedlin,DeAndre Yedlin,-0.2618433085378875
58946,Obed Gómez Vargas,Obed Vargas,-0.2623321115426846
10692,Victor Wanyama,Victor Wanyama,-0.268020121648881
17965,Gyasi Zardes,Gyasi Zardes,-0.2699420346883742
149299,Themi Antonoglou,Themi Antonoglou,-0.2736401694843052
123135,Katlego Ntsabeleng,Tsiki Ntsabeleng,-0.274334328201773
31155,Jack Elliott,Jack Elliott,-0.2766718712663138
43221,Andres Jasson,Andres Jasson,-0.2776569745051812
36488,Tanner Beason,Andres Jasson,-0.2776569745051812
26467,Martín Exequiel Ojeda,Martín Ojeda,-0.2786309408316711
27160,Diego Santiago Fagúndez Pepe,Diego Fagúndez,-0.2809493253955437
24745,Sean Nealis,Sean Nealis,-0.2921492692681005
13742,Raoul Petretta,Raoul Petretta,-0.2956364910265756
581150,Jules-Anthony Vilsaint,Jules-Anthony Vilsaint,-0.296076314416257
27223,Eriq Anthony Zavaleta Vanney,Jules-Anthony Vilsaint,-0.296076314416257
43751,Pedro Jeampierre Vite Uca,Pedro Vite,-0.2969665559583385
11851,Pedro David Gallese Quiróz,Pedro Vite,-0.2969665559583385
11864,Miguel Ángel Trauco Saavedra,Miguel Trauco,-0.298930096896302
11857,Miguel Gianpierre Araujo Blanco,Miguel Trauco,-0.298930096896302
27092,Brandt Bronico,Brandt Bronico,-0.3035016513118738
18818,Nathan Byrne,Nathan Byrne,-0.3075457609348722
43239,Darren Yapi,Darren Yapi,-0.3081691000234846
24111,Nicholas Gioacchini,Nicholas Gioacchini,-0.3100463172248994
360077,Nicholás Enrique Benalcázar,Nicholas Gioacchini,-0.3100463172248994
43233,Miguel Berry,Miguel Berry,-0.3105945062937134
43234,Nathan Harriel,Nathan Harriel,-0.3118026663499455
27195,Larrys Mabiala Destin,Zarek Valentin,-0.3155294631388725
23860,Zarek Valentin,Zarek Valentin,-0.3155294631388725
27097,Keegan Rosenberry,Keegan Rosenberry,-0.3165398472654002
16253,Cristian Daniel Arango Duque,Cristian Arango,-0.319829357850928
36442,Stefan Cleveland,Justen Glad,-0.3198825611401924
34527,Justen Glad,Justen Glad,-0.3198825611401924
24746,Sean Davis,Sean Davis,-0.3273167179591983
128932,Kevin O'Toole,Kevin O'Toole,-0.3277780208968743
5766,Kelvin Leerdam,Kevin O'Toole,-0.3277780208968743
27191,Cristhian Fabián Paredes Maciel,Cristhian Paredes,-0.3278419495982909
36591,Michael Halliday,Michael Halliday,-0.3293766181266641
539830,Tomás Agustín Avilés Mancilla,Tomás Avilés,-0.3301691083910635
27112,Michael David Barrios Puerta,Michael Barrios,-0.340677535752197
5735,Karol Świderski,Karol Świderski,-0.3542025296115927
28745,Julián Simón Carranza,Julián Carranza,-0.3584447262916231
27173,Brian White,Brian White,-0.3597032396816683
49304,David Justin Kirk Taylor,David Ayala,-0.3617858406582361
43197,Nnamdi Chinonso Offor,Chinonso Offor,-0.3620478782923781
35382,Eugene Ansah,Eugene Ansah,-0.36455663635908
43883,Elias Manoel Alves de Paula,Elias Manoel,-0.3653499751652458
36541,Mauricio Pineda,Mauricio Pineda,-0.3680778148955191
24743,Tom Barlow,Tom Barlow,-0.3762780097897872
27175,Kyle Smith,Kyle Smith,-0.3817137064581532
1635,Carlos Armando Gruezo Arboleda,Carlos Gruezo,-0.3852670607599936
12367,Carlos Miguel Coronel,Carlos Gruezo,-0.3852670607599936
27124,Christian Ramírez,Christian Ramirez,-0.3902273478591817
36478,Felipe Andrés Mora Aliaga,Felipe Mora,-0.3919970217077648
10227,Teemu Pukki,Teemu Pukki,-0.3979844821854078
12706,Georgios Giakoumakis,Giorgos Giakoumakis,-0.3989684797937695
17963,Bobby Shou Wood,Bobby Wood,-0.4067831093072814
156486,Lucas Bartlett,Lucas Bartlett,-0.4112645644771364
63280,Fernando Antonio Álvarez Amador,Efrain Alvarez,-0.4144391551982638
27214,Luis Felipe Hernández Rico,Felipe Hernandez,-0.4148367131126266
3160,Erik Sviatchenko,Erik Sviatchenko,-0.4177946020240993
301533,Hugo-Hilaire Mbongue,Hugo-Hilaire Mbongue Mbongue,-0.4202160029574768
24831,Jean Mota Oliveira de Sousa,Santiago Sosa,-0.4240651164912594
39214,Dixon Jair Arroyo Espinoza,Dixon Arroyo,-0.4345066063537973
332807,Julian Anthony Altobelli,Mark-Anthony Kaye,-0.4375972137809402
17903,Mark-Anthony Kaye,Mark-Anthony Kaye,-0.4375972137809402
23848,Diego Ferney Chará Zamora,Diego Chará,-0.4420869232718543
12028,Sigurd Rosted,Sigurd Rosted,-0.4463828224174181
43791,Enzo Nahuel Copetti,Enzo Copetti,-0.4526974251584206
27132,Ethan Zubak,Ethan Zubak,-0.4543455204061571
67094,José Fajardo Nelson,José Fajardo,-0.4555512378310324
38178,Rodney Iván Redes Cáceres,Rodney Redes,-0.4574481016070494
3676,Fredy Henkyer Montero Muñoz,Fredy Montero,-0.460071348104108
34545,Brian Anunga,Brian Anunga,-0.4748826698730198
17973,Aaron Long,Aaron Long,-0.4873899843909613
36497,Brad Stuver,Brad Smith,-0.4943725904436333
25476,Bradley Shaun Smith,Brad Smith,-0.4943725904436333
123133,Serge Ngoma,Sergio Santos Gomes,-0.4959491297130901
23601,Sergio Henrique Santos Gomes,Sergio Santos Gomes,-0.4959491297130901
27225,Ayo Akinola,Ayo Akinola,-0.4961013535265478
28586,Taylor Washington,Ayo Akinola,-0.4961013535265478
152114,Yohei Takaoka,Ayo Akinola,-0.4961013535265478
332778,Kyle Hiebert,Kyle Hiebert,-0.5018272260988584
1799,Chris Mavinga,Chris Mavinga,-0.5087050353885078
230597,Cassius Mailula,Chris Mavinga,-0.5087050353885078
44467,Jesús Daniel Bueno Añez,Jesús Daniel Bueno,-0.5137879811140348
74696,Monsef Bakrar,Monsef Bakrar,-0.5243277161747147
57496,Josh Bauer,Cody Baker,-0.5264272573366258
332790,Cody William Baker,Cody Baker,-0.5264272573366258
31168,Danny Leyva,Danny Leyva,-0.5317300664656515
133421,Anthony Markanich,Anthony Markanich,-0.5371099416652796
36598,Isaac Boehmer,Simon Becher,-0.5373278886159938
179478,Simon Becher,Simon Becher,-0.5373278886159938
22211,Dániel Gazdag,Dániel Gazdag,-0.5424203342359281
166529,Chris Donovan,Christopher Donovan,-0.5475022739993718
14053,Gabriele Corbo,Gabriele Corbo,-0.5781389244575359
123139,Luca Petrasso,Luca Petrasso,-0.5791775322721641
36482,Bill Tuiloma,Bill Tuiloma,-0.5863920379012179
36550,Laurence Wyke,Bryce Duke,-0.5881116674105257
36465,Bryce Duke,Bryce Duke,-0.5881116674105257
149788,Jackson Hopkins,Jackson Hopkins,-0.5918628032997537
333569,Hayden Sargis,Shanyder Borgelin,-0.6113657911383413
36584,Hassan Ndam,Hassan Ndam,-0.6159238328868636
27153,Luís Alberto Caicedo Mosquera,Luís Caicedo,-0.6210709142180855
33225,Leon Flach,Leon Flach,-0.636268708530842
36546,Miguel Ángel Navarro Zárate,Miguel Navarro,-0.6408307152268415
36106,Miguel Ángel Tapias Dávila,Miguel Navarro,-0.6408307152268415
214010,Matai Akinmboni,Malik Pinto,-0.6431576521990128
581397,Malik Pinto,Malik Pinto,-0.6431576521990128
36452,Kelyn Rowe,Kelyn Rowe,-0.6575812523228352
334229,Bret Halsey,Bret Halsey,-0.6696470078250758
27135,Brent Kallman,Bret Halsey,-0.6696470078250758
13139,Jamal Thiaré,Mikael Uhre,-0.6702986446214416
16441,Mikael Uhre,Mikael Uhre,-0.6702986446214416
64556,Thorleifur Úlfarsson,Þorleifur Úlfarsson,-0.6887462804141512
333194,Jack Panayotou,Jack Panayotou,-0.7107494727237111
36443,Will Bruin,Will Bruin,-0.7531579356001761
34547,Eric Miller,Eric Miller,-0.8548128265146328
34516,Erik Hurtado,Erik Hurtado,-0.8756336268938295
43220,Luke Haakenson,Luke Haakenson,-0.91977538709364
