player_id,skillcorner_name,fbref_name,player_passing_skill
32787,Víctor Vázquez Solsona,Víctor Vázquez,1.9436203175916384
13432,Ricard Puig Martí,Riqui Puig,1.8133641345073712
27135,Brent Kallman,Brent Kallman,1.5352774170612276
23718,Rudy Camacho,Rudy Camacho,1.3564610659485987
27218,Andreu Fontàs Prat,Andreu Fontàs,1.1978459682943057
17907,Jonathan Osorio,Jonathan Osorio,1.1279800740845172
362,Albert Rusnák,Albert Rusnák,1.0905376105179552
27037,Thiago Martins Bueno,Thiago Martins,1.08809868048069
27127,Tommy McNamara,Thomas McNamara,1.0726217692484334
13097,Amine Bassi,Amine Bassi,1.0145690878068685
24253,Kamal Anthony Miller,Kamal Miller,0.9796205224262772
123434,Jackson Ragen,Jackson Ragen,0.9757500791468444
12569,Ján Greguš,Ján Greguš,0.9609216968436244
43751,Pedro Jeampierre Vite Uca,Pedro Vite,0.940205475294872
11851,Pedro David Gallese Quiróz,Pedro Vite,0.940205475294872
36557,Joel Robert Waterman,Joel Waterman,0.9161859035304264
20016,Sebastian Kowalczyk,Sebastian Kowalczyk,0.8828610118339462
9749,Sergio Busquets Burgos,Sergio Busquets,0.8803300977441325
653191,Gino Vivi Quesada,Sergio Busquets,0.8803300977441325
36617,Maxime Crépeau,Maxime Chanot,0.8794650485432349
27189,Julio César Cascante Solórzano,Julio Cascante,0.8597575668824792
6286,Lorenzo Insigne,Lorenzo Insigne,0.8506540001832239
7359,Maya Yoshida,Maya Yoshida,0.8493276239522902
7128,Mateusz Klich,Mateusz Klich,0.8422557723973031
4237,Héctor Miguel Herrera López,Héctor Herrera,0.8403702492683418
25143,João Paulo Mior,João Paulo Mior,0.8327328013166069
332800,Alonso Coello Camarero,Alonso Coello,0.8271387059616303
57237,Daniel Aguirre,Daniel Aguirre,0.818398361753759
27119,Edwin Cerrillo,Edwin Cerrillo,0.8179340595932333
1108,Asier Illarramendi Andonegi,Asier Illarramendi,0.8146942989743784
17896,Samuel Ayomide Adekugbe,Sam Adekugbe,0.8059044147145972
8250,Oriol Rosell Argerich,Oriol Rosell,0.8046045989327438
46583,Reed Baker-Whiting,Reed Baker-Whiting,0.7949458153820433
34775,Juan José Sánchez Purata,Juan José Sánchez,0.7826499707985528
36438,Aidan Morris,Aidan Morris,0.7791092660760286
10105,Steven Moreira,Steven Moreira,0.7690809037783349
25169,Matheus Rossetto,Matheus Rossetto,0.7677095088231343
27162,Ismael Tajouri-Shradi,Ismael Tajouri-Shradi,0.7675384218596701
34527,Justen Glad,Justen Glad,0.7665987068188856
36442,Stefan Cleveland,Justen Glad,0.7665987068188856
15605,Yevgen Cheberko,Yevhen Cheberko,0.7639549173989396
26638,Richard Ledezma,Richy Ledezma,0.7587057281223368
27140,Osvaldo Alonso Moreno,Osvaldo Alonso,0.7488914987786275
165145,Diego Ángel Luna,Diego Luna,0.7487046278366251
36583,Javier Casas,Xavier Arreaga,0.7486361925313415
18269,Xavier Ricardo Arreaga Bermello,Xavier Arreaga,0.7486361925313415
621193,Zavier Gozo,Xavier Arreaga,0.7486361925313415
128927,Brandan Craig,Brandon Servania,0.7370963729790748
35719,Dany Alejandro Rosero Valencia,Brandon Servania,0.7370963729790748
140216,Sean Zawadzki,Sean Zawadzki,0.7295481653410153
123139,Luca Petrasso,Luca Petrasso,0.7292106460210566
160372,Ryan Sailor,Ryan Sailor,0.7198362103902526
7408,Michael Bradley,Michael Bradley,0.7182865559317779
43293,Chris Brady,Michael Bradley,0.7182865559317779
1799,Chris Mavinga,Chris Mavinga,0.7132568323635197
230597,Cassius Mailula,Chris Mavinga,0.7132568323635197
11701,Aníbal Cesis Godoy,Aníbal Godoy,0.698851976090229
27742,Teenage Hadebe,Teenage Hadebe,0.698144575119856
24265,Jackson Yueill,Jackson Yueill,0.6970482686717538
2858,Douglas Costa de Souza,Douglas Costa,0.6889031732937214
123734,Caleb Wiley,Caleb Wiley,0.6873661099573745
19060,Erik Thommy,Erik Thommy,0.6841878967321111
27166,James Sands,James Sands,0.6792726577151958
36505,James Pantemis,James Sands,0.6792726577151958
7913,Nemanja Radoja,Nemanja Radoja,0.6777484424472587
29462,Christopher Donald McVey,Christopher McVey,0.6759203195281742
12548,Sergiy Kryvtsov,Serhiy Kryvtsov,0.665189666055269
27139,Hassani Dotson,Hassani Dotson,0.663331064227755
332802,Luka Gavran,Lucas Zelarayán,0.6596110169287672
27170,Alexander Ring,Alexander Ring,0.6524156878367897
133875,Diego Alexander Gómez Amarilla,Alexander Ring,0.6524156878367897
123138,Lukas MacNaughton,Lukas MacNaughton,0.6524033001798571
36449,Henry Kessler,Henry Kessler,0.6478861479168403
224557,Brooklyn Raines,Brooklyn Raines,0.6171335001448512
8021,Marcelo Nicolás Lodeiro Benítez,Nicolás Lodeiro,0.61288864211341
27168,Justin Haak,Justin Haak,0.6127821353219387
144562,Noel Buck,Noel Buck,0.6126524343586782
36594,Tyler Wolff,Tyler Wolff,0.6043657379522945
25465,Tristan Blackmon,Tristan Blackmon,0.6042213467687898
332982,Benjamin Cremaschi,Ben Cremaschi,0.5978488340376156
43212,Tomás Lían Romero Keubler,Fabian Herbers,0.5972433483226767
27090,Fabian Herbers,Fabian Herbers,0.5972433483226767
22207,Leo Väisänen,Leo Väisänen,0.5930071507032348
617483,Andrew Privett,Andrew Privett,0.5908695461633021
39214,Dixon Jair Arroyo Espinoza,Dixon Arroyo,0.572493375058875
3943,Giorgio Chiellini,Giorgio Chiellini,0.5694297211179725
14002,Juan Camilo Hernández Suárez,Julián Fernández,0.5684646559614848
116527,Julián Fernández,Julián Fernández,0.5684646559614848
24264,Sebastian Lletget,Sebastian Lletget,0.5677398991090796
36574,Luis Barraza,Luis Abram,0.5659824659843092
36444,Jimmy Gerardo Medranda Obando,Jimmy Medranda,0.5598761523502076
31144,Jimmy Maurer,Jimmy Medranda,0.5598761523502076
25977,Santiago Mariano Rodríguez Molina,Santiago Rodríguez,0.5595207982886032
28307,Antônio Josenildo Rodrigues de Oliveira,Santiago Rodríguez,0.5595207982886032
24969,Braian Óscar Ojeda Rodríguez,Santiago Rodríguez,0.5595207982886032
868,Andy Aryel Najar Rodríguez,Santiago Rodríguez,0.5595207982886032
43207,Jack McGlynn,Jack McGlynn,0.5592612868843367
14440,Maarten Paes,Martín Cáceres,0.5549564935957692
36527,Ranko Veselinović,Ranko Veselinović,0.5337023722435745
68557,Connor Ronan,Connor Ronan,0.529640902988176
7219,Matt Miazga,Matt Miazga,0.5272994685065527
333971,Matt Nocita,Matt Miazga,0.5272994685065527
27219,Ilie Sánchez Farrés,Ilie Sánchez,0.5214709788848503
33032,Malte Amundsen,Malte Amundsen,0.5147673845940111
36551,Alec Kann,Malte Amundsen,0.5147673845940111
31153,Cole Bassett,Cole Bassett,0.5124065838155257
34543,Jack Maher,Jack Maher,0.5075625924566703
35620,Tristan Muyumba Nkita,Tristan Muyumba,0.5010549664206913
23847,Darlington Nagbe,Darlington Nagbe,0.5010174532143526
66350,Nelson Daniel Palacio Ruiz,Nelson Palacio,0.4989228910489003
34549,Elliot Panicco,Nelson Palacio,0.4989228910489003
159694,Paul Miles Rothrock,Miles Robinson,0.4975563872529915
27087,Miles Robinson,Miles Robinson,0.4975563872529915
123135,Katlego Ntsabeleng,Tsiki Ntsabeleng,0.4898525333292938
30968,Adrián Andrés Cubas,Andrés Cubas,0.4886152916188099
36491,Matt Bersano,Matt Hedges,0.4759949855990903
36470,Matt Freese,Matt Hedges,0.4759949855990903
27109,Matthew Hedges,Matt Hedges,0.4759949855990903
6250,Lionel Andrés Messi Cuccittini,Lionel Messi,0.4733400251054056
11063,Yuya Kubo,Yuya Kubo,0.4718568309294367
25015,Matt Polster,Matt Polster,0.4712618862941869
17494,Robert Taylor,Robert Taylor,0.4630602343603213
17393,Alexandru Irinel Măţan,Alexandru Mățan,0.4588440843799197
458069,Olwethu Makhanya,Alexandru Mățan,0.4588440843799197
11857,Miguel Gianpierre Araujo Blanco,Miguel Araujo,0.4578483469033395
43189,Adam Jesus Jr Esparza Saldaña,Adalberto Carrasquilla,0.4465516035631972
31975,Adalberto Eliecer Carrasquilla Alcazar,Adalberto Carrasquilla,0.4465516035631972
28934,Mateusz Bogusz,Mateusz Bogusz,0.443582502689721
17903,Mark-Anthony Kaye,Mark-Anthony Kaye,0.4355559636480277
332807,Julian Anthony Altobelli,Mark-Anthony Kaye,0.4355559636480277
44185,Daniel Pereira Gil,Daniel Pereira,0.4251426710626784
332893,Axel Kei,Daniel Pereira,0.4251426710626784
34294,Facundo Daniel Torres Pérez,Facundo Torres,0.4231377632551718
36604,Nkosi Tafari Burgess,Nkosi Tafari,0.4227877514289179
25129,Jan Sobociński,Jan Sobociński,0.4224379600556261
36452,Kelyn Rowe,Kelyn Rowe,0.4216562890816577
69967,Aimé Mabika,Aimé Mabika,0.4214842267272446
24831,Jean Mota Oliveira de Sousa,Santiago Sosa,0.4197002090153092
33634,Ryan Gauld,Ryan Gauld,0.4172588564033681
332939,David Antonio Ochoa Posas,Antonio Carlos,0.4166987452229966
31607,Antônio Carlos Cunha Capocasali Junior,Antonio Carlos,0.4166987452229966
16542,Robin Jansson,Robin Jansson,0.4117690565445348
120296,Sang-Bin Jeong,Robin Jansson,0.4117690565445348
27144,Samuel Piette,Samuel Piette,0.4097679341243763
25462,Latif Blessing,Latif Blessing,0.4057963545078356
36440,Andrew Tarbell,Andrew Farrell,0.4052548093559419
27151,Andrew Farrell,Andrew Farrell,0.4052548093559419
23872,Justin Meram,Justin Meram,0.4047594688209835
36441,Shane O'Neill,Shane O'Neill,0.4017052415098734
11867,Wilder José Cartagena Mendoza,Wilder Cartagena,0.4000165461366895
30921,Ignacio Gil de Pareja Vicent,Wilder Cartagena,0.4000165461366895
34118,Birk Risa,Birk Risa,0.3984654546947903
1455,Brecht Dejaegere,Brecht Dejaegere,0.3955203297928906
539830,Tomás Agustín Avilés Mancilla,Tomás Avilés,0.3904079393948177
12317,Keaton Parks,Keaton Parks,0.3885641904229948
34526,Marcelo Andrés Silva Fernández,Marcelo Silva,0.3884377440731879
53115,Micael Dos Santos Silva,Marcelo Silva,0.3884377440731879
34546,Dave Romney,David Romney,0.3872006278608511
8916,Rémi Walter,Rémi Walter,0.3867836614984838
8755,Quentin Westberg,Rémi Walter,0.3867836614984838
36482,Bill Tuiloma,Bill Tuiloma,0.3824371268708541
36499,Robbie Robinson,Robbie Robinson,0.3822818958089872
13214,Sebastián Driussi,Sebastián Driussi,0.3818959819257386
38292,Exon Gustavo Vallecilla Godoy,Gustavo Vallecilla,0.379534284630477
34791,Ían Jairo Misael Torres Ramírez,Jairo Torres,0.3762010073624049
36541,Mauricio Pineda,Mauricio Pineda,0.3750481569429954
18309,Júnior Leonardo Moreno Borrero,Junior Moreno,0.3728403839782586
27160,Diego Santiago Fagúndez Pepe,Diego Fagúndez,0.369379097694518
9594,Scott Arfield,Scott Arfield,0.36751470444434
17973,Aaron Long,Aaron Long,0.3673940846227834
23848,Diego Ferney Chará Zamora,Diego Chará,0.366673274922989
44445,César Nahuel Araújo Vilches,César Araujo,0.362792347125989
25467,Walker Dwain Zimmerman,Walker Zimmerman,0.3623502805598617
17972,Wil Trapp,Wil Trapp,0.3572510658559458
17452,Derrick Williams,Derrick Williams,0.3500197732031562
32314,Facundo Hernán Farías,Facundo Farías,0.3488386863046716
1663,Carlos Alberto Vela Garrido,Carlos Vela,0.334028267119738
27223,Eriq Anthony Zavaleta Vanney,Eriq Zavaleta,0.330183086138811
34535,John McCarthy,Dax McCarty,0.3276775459970712
31163,Dax McCarty,Dax McCarty,0.3276775459970712
5766,Kelvin Leerdam,Kelvin Leerdam,0.315492255298105
31520,Ocimar de Almeida Júnior,Marky Delgado,0.3067174650493465
17964,Mark Delgado,Marky Delgado,0.3067174650493465
5261,Jonathan Mensah,Jonathan Mensah,0.3063552218413252
19303,Rafael Czichos,Rafael Czichos,0.3062741343168585
36522,Jack Skahan,Jack Skahan,0.3045200850359633
27142,Michael Boxall,Michael Boxall,0.2974252456651224
25506,Joakim Nilsson,Joakim Nilsson,0.2854620564718188
63280,Fernando Antonio Álvarez Amador,Fernando Álvarez,0.2852425968983927
28523,Franco Gabriel Ibarra,Franco Ibarra,0.2836356548532706
36529,Ryan Raposo,Ryan Raposo,0.2834169758058897
568,Alexandre Nascimento Costa Silva,Xande Silva,0.280525941541272
35351,Tai Baribo,Matai Akinmboni,0.2792604805925632
214010,Matai Akinmboni,Matai Akinmboni,0.2792604805925632
17914,Randall Enrique Leal Arley,Randall Leal,0.2762546204217598
35429,Adilson Malanda,Adilson Malanda,0.2751320088857522
43209,Edison Alexander Azcona Vélez,Adilson Malanda,0.2751320088857522
34542,Victor Ulloa,Victor Ulloa,0.2711796494536714
18225,Yimmi Javier Chará Zamora,Yimmi Chará,0.2705792339499972
26533,Franco Rodrigo Fragapane,Franco Fragapane,0.2692383698478611
13742,Raoul Petretta,Raoul Petretta,0.2687097583167989
23282,Alan Pulido Izaguirre,Alan Pulido,0.2677751182254265
54635,Denil Omar Maldonado Munguía,Denil Maldonado,0.2666769850572322
31847,Iván Darío Angulo Cortés,Iván Angulo,0.2625213386972186
24259,Cristian Roldán,Cristian Roldan,0.2608939998318197
360067,Christian McFarlane,Cristian Roldan,0.2608939998318197
36544,Brian Gutiérrez,Brian Gutiérrez,0.2582988652352363
162415,Kerwin Andrés Calderón Vargas,Kerwin Vargas,0.258234850193112
33848,Ousmane Doumbia,Ousmane Doumbia,0.2536028072626736
625256,Ousman Jabang,Ousmane Doumbia,0.2536028072626736
59297,Robert Castellanos,Robert Castellanos,0.2473384292593328
38891,Jhojan Manuel Valencia Jiménez,Jhojan Valencia,0.2427069055707822
25185,Talles Magno Bacelar Martins,Talles Magno,0.2424977973130521
25466,Diego Martín Rossi Marachlian,Diego Rossi,0.2409203010669811
23870,Harrison Afful,Harrison Afful,0.2388817575680829
36554,Yamil Rodrigo Asad,Yamil Asad,0.2320966320129761
36106,Miguel Ángel Tapias Dávila,Miguel Tapias,0.2312308543032451
26472,Alan Agustín Velasco,Alan Velasco,0.2283026631077082
124341,George Marks,George Campbell,0.2267164644107236
27089,George Campbell,George Campbell,0.2267164644107236
26275,Yeimar Pastor Gómez Andrade,Yeimar Gómez Andrade,0.2242548074719816
333634,Isaiah Foster,Liam Fraser,0.2202500936761719
24258,Liam Scott Fraser,Liam Fraser,0.2202500936761719
5622,Junior Hoilett,Junior Hoilett,0.2126386345512228
26467,Martín Exequiel Ojeda,Martín Ojeda,0.2058294742207296
26438,Gastón Claudio Giménez,Gastón Giménez,0.204945193351113
35673,Santiago Moreno,Santiago Moreno,0.2043907789589223
26300,Thiago Ezequiel Almada,Thiago Almada,0.200945555580531
27195,Larrys Mabiala Destin,Larrys Mabiala,0.1983286995728186
36550,Laurence Wyke,Bryce Duke,0.1981310918875493
36465,Bryce Duke,Bryce Duke,0.1981310918875493
620927,Emeka Eneli,Emeka Eneli,0.1977773553860191
24254,Richie Laryea,Richie Laryea,0.1949758836702417
581148,Patrick Agyemang,Richie Laryea,0.1949758836702417
31055,Marinos Tzionis,Marinos Tzionis,0.1912715803196039
4206,Hany Mukhtar,Hany Mukhtar,0.19041634072083
36450,Carles Gil de Pareja Vicent,Carles Gil,0.1899000631669176
24113,Khiry Shelton,Khiry Shelton,0.1869734109244143
27202,Damir Kreilach,Damir Kreilach,0.1821288669188372
23205,Brayan Emanuel Vera Ramírez,Brayan Vera,0.180466348523359
24744,Ryan Meara,Brayan Vera,0.180466348523359
14053,Gabriele Corbo,Gabriele Corbo,0.1787497032794351
29742,Braian Alejandro Galván,Braian Galván,0.1773251744479569
36962,Ibrahim Aliyu,Braian Galván,0.1773251744479569
16268,Andreas Maxsø,Andreas Maxsø,0.1747740391969107
43273,Ahmed Hamdi Hussein Hafez,Ahmed Hamdi,0.1720774590690003
31159,Joe Bendik,Ben Bender,0.1708484655437065
67872,Ben Lundt,Ben Bender,0.1708484655437065
24761,Emmanuel Agyenim Boateng,Emmanuel Boateng,0.1668102454590936
186348,Emmanuel Ochoa Rico,Emmanuel Boateng,0.1668102454590936
27225,Ayo Akinola,Ayo Akinola,0.1665001710635162
152114,Yohei Takaoka,Ayo Akinola,0.1665001710635162
1100,Ashley Westwood,Ashley Westwood,0.165686985353283
16278,Maren Haile-Selassie,Maren Haile-Selassie,0.1656561217451845
140217,Kobe Franklin,Kobe Franklin,0.1602648049831107
3357,Felipe Gutiérrez,Felipe Gutiérrez,0.1563054869276618
18303,Jefferson David Savarino Quintero,Jefferson Savarino,0.1535081829402272
49305,Aziel Jackson,Aziel Jackson,0.1525674007277898
125779,Jacob Jackson,Aziel Jackson,0.1525674007277898
27153,Luís Alberto Caicedo Mosquera,Luís Caicedo,0.1508358486798561
25093,Lucas Lima Linhares,Lucas Calegari,0.1481689945325943
24751,Russell Canouse,Russell Canouse,0.1461491224323283
36609,Tayvon Gray,Tayvon Gray,0.1448006584133739
36500,Christian Frederick Bayoi Makoun Reyes,Christian Makoun,0.1445071062375262
31149,Lalas Abubakar,Lalas Abubakar,0.1430999998709532
36464,Jesús David Murillo Largacha,Jesús David Murillo,0.1426155050499999
3333,Federico Bernardeschi,Federico Bernardeschi,0.1387936602623735
22209,Lassi Lappalainen,Lassi Lappalainen,0.1380133625697669
19143,Tim Leibold,Tim Leibold,0.1368356014070575
34515,Tim Melia,Tim Leibold,0.1368356014070575
14664,Logan Ndenbe,Logan Ndenbe,0.1366706452007472
36579,Sebastian Berhalter,Sebastian Berhalter,0.1355761317965828
27101,Danny Wilson,Danny Wilson,0.1347737249125112
43191,Jonathan Alexander Pérez,Jonathan Perez,0.1340273303916602
25476,Bradley Shaun Smith,Brad Smith,0.132688501200269
36497,Brad Stuver,Brad Smith,0.132688501200269
657134,Moïse Bombito Lumpungu,Moïse Bombito,0.1317730670706428
57496,Josh Bauer,Josh Bauer,0.1259445963165343
28644,Facundo Tomás Quignón,Facundo Quignon,0.1240762368060829
18322,Derrick Etienne Jr.,Derrick Etienne,0.1227749567998033
58946,Obed Gómez Vargas,Obed Vargas,0.1203114793492487
24995,Robert Voloder,Robert Voloder,0.1199067250339205
31155,Jack Elliott,Jack Elliott,0.1186940147755554
26123,Tomáš Ostrák,Tomáš Ostrák,0.1185409851362978
10476,Tomáš Vaclík,Tomáš Ostrák,0.1185409851362978
11864,Miguel Ángel Trauco Saavedra,Miguel Trauco,0.1172191197192139
66358,Nelson Giovany Quiñones Iturre,Nelson Quiñones,0.1132373603833594
28754,Matias Pellegrini,Matías Pellegrini,0.1063053738699969
1635,Carlos Armando Gruezo Arboleda,Carlos Gruezo,0.1056860257204976
12367,Carlos Miguel Coronel,Carlos Gruezo,0.1056860257204976
27161,Sebastien Uchechukwu Ibeagha,Sebastien Ibeagha,0.0992698495046842
28742,Tomás Alejandro Chancalay,Tomás Chancalay,0.0984427403624982
43206,Quinn Sullivan,Quinn Sullivan,0.091403064415165
67244,Ajani Fortune,Ajani Fortune,0.0886065791485716
27212,Dániel Sallói,Dániel Sallói,0.0864027914908853
31785,Daniel De Sousa Brito,Dániel Sallói,0.0864027914908853
19151,Timothy Tillman,Timmy Tillman,0.082751826700018
124336,Jasper Löffelsend,Jasper Löffelsend,0.078794506854341
5682,Kamil Jóźwiak,Kamil Jóźwiak,0.0721838734673255
27106,Héctor Jiménez,Jesús Jiménez,0.0717529523496433
17001,Jesús Jiménez Núñez,Jesús Jiménez,0.0717529523496433
27130,Daniel Steres,Daniel Steres,0.0691654467985085
11875,Raúl Mario Ruidíaz Misitich,Raúl Ruidíaz,0.0689375840208
25482,Nouhou Tolo,Nouhou Tolo,0.0687117052271518
10566,Tyler Boyd,Tyler Boyd,0.0654767865656012
17923,Bryan Josué Acosta Ramos,Bryan Acosta,0.065281789198663
67049,Joseph Yeramid Rosales Erazo,Joseph Rosales,0.0641462316248611
24739,Tim Parker,Tim Parker,0.0585212948556651
14350,Diego José Palacios Espinoza,Diego Palacios,0.0583730195940201
581397,Malik Pinto,Malik Pinto,0.0567177714894891
32766,Marko Ilić,Matko Miljevic,0.0563474793667231
64863,Novak Micović,Matko Miljevic,0.0563474793667231
33934,Obinna Nwobodo,Obinna Nwobodo,0.0562974782319513
13540,Evander da Silva Ferreira,Jesús Ferreira,0.0561843905031272
27115,Jesús David Ferreira Castro,Jesús Ferreira,0.0561843905031272
33791,Ian Harkes,Ian Harkes,0.0560223054662541
27154,DeJuan Lytelle Jones,DeJuan Jones,0.0541175241205244
31176,Wyatt Omsberg,Wyatt Omsberg,0.0508319614361756
36468,Kwadwo Opoku,Kwadwo Opoku,0.0465064580860087
35382,Eugene Ansah,Erik Duenas,0.0438711356284831
36466,Érik Dueñas,Erik Duenas,0.0438711356284831
12028,Sigurd Rosted,Sigurd Rosted,0.0413734432900599
36493,Tommy Thompson,Tommy Thompson,0.039600266796822
4651,Jamiro Gregory Monteiro Alvarenga,Jamiro Monteiro,0.0388545574352062
34545,Brian Anunga,Brian Anunga,0.0361163887415173
36533,David Bingham,David Ruíz,0.0320390078854146
36443,Will Bruin,Will Bruin,0.031048788991437
25951,Carlos Terán Díaz,Carlos Terán,0.0305911441306409
36462,Ethan Dobbelaere,Ethan Bartlow,0.0288260113560978
57240,Ethan Bartlow,Ethan Bartlow,0.0288260113560978
126074,Ian Murphy,Ian Murphy,0.0283968066723471
34521,Maikel Chang,Maikel Chang,0.0277626502604702
31444,Nicolás Marcelo Stefanelli,Nicolás Stefanelli,0.0207561452354603
27116,Paxton Pomykal,Paxton Pomykal,0.0185872319315776
18818,Nathan Byrne,Nathan Byrne,0.0185834304873458
23299,Omar Alejandro González,Omar Gonzalez,0.0155671010785669
153170,Ali Ahmed,Ali Ahmed,0.0145289826374025
19526,Orrin McKinze Gaines II,McKinze Gaines,0.0111746494998385
35740,Yerson Mosquera Valdelamar,Yerson Mosquera,0.0052065943341406
332936,Lawson Sunderland,Yerson Mosquera,0.0052065943341406
36502,Amar Sejdič,Amar Sejdic,0.0007018116125413
28587,Derrick Jones,Derrick Jones,0.000551808839499
27217,Graham Zusi,Graham Zusi,-0.0034284480141757
46584,Ibrahim Sunusi,Graham Zusi,-0.0034284480141757
36458,Rodrigo Adrián Schlegel,Rodrigo Schlegel,-0.0077603795753435
63447,Jacob Davis,Jake Davis,-0.0134950807770749
123128,Noah Allen,Noah Allen,-0.0173255309168483
31171,Alexander Roldán Leon,Alex Roldan,-0.0184386176676319
36475,Alex Bono,Alex Roldan,-0.0184386176676319
51554,Kervin Fabián Arriaga Villanueva,Kervin Arriaga,-0.0215499757606336
24759,Donovan Pines,Donovan Pines,-0.0225333338524697
24205,Jakob Glesnes,Jakob Glesnes,-0.0244524209177966
128932,Kevin O'Toole,Kevin O'Toole,-0.0259443015230446
23855,Kevin Molino,Kevin O'Toole,-0.0259443015230446
110472,Dagur Dan Thórhallsson,Dagur Dan Þórhallsson,-0.0270851984057006
39455,Willy Agada,William Agada,-0.0323430579549355
43221,Andres Jasson,Andres Jasson,-0.0390374187452834
24763,Nick Hagglund,Nick Hagglund,-0.0393472956316599
26539,Federico Darío Navarro,Federico Navarro,-0.0417688199152267
12051,Alessandro Schöpf,Alessandro Schöpf,-0.0437188260668796
36478,Felipe Andrés Mora Aliaga,Felipe Mora,-0.0440498937422145
5326,Jordi Alba Ramos,Jordi Alba,-0.0443040747890023
126075,Niko Tsakiris,Niko Tsakiris,-0.0454050059031212
36600,Kendall McIntosh,Kendall Burks,-0.0459412618304878
123130,Kendall Burks,Kendall Burks,-0.0459412618304878
36525,Evan Bush,Kendall Burks,-0.0459412618304878
31661,Leonardo Alves Chú Franco,Leonardo Campana,-0.0511822766437093
24899,Leonardo Campana Romero,Leonardo Campana,-0.0511822766437093
24747,Omir Guadalupe Fernandez Mosso,Omir Fernandez,-0.0536924499218164
166527,Mohamed Ramzdine Farsi,Mohamed Farsi,-0.0540142859101068
183892,Esmir Bajraktarević,Esmir Bajraktarevic,-0.054354819239612
30468,Ronald José Hernández Pimentel,Ronald Hernández,-0.0560631684601827
23540,Saba Lobjanidze,Saba Lobzhanidze,-0.0711854045945514
24266,Corey Baird,Corey Baird,-0.073014318300476
36508,Jonathan Sirois,Jonathan Lewis,-0.0732650480830553
27098,Jonathan Lewis,Jonathan Lewis,-0.0732650480830553
13633,João Klauss de Mello,Johnny Russell,-0.0750720563449854
5201,Johnathon Simpson Snedden Russell,Johnny Russell,-0.0750720563449854
149299,Themi Antonoglou,Themi Antonoglou,-0.078167877567424
1542,Bryan Josue Oviedo Jimenez,Bryan Oviedo,-0.0788155686820007
13202,Aaron Salem Boupendza Pozzi,Aaron Boupendza,-0.0825334466716931
24752,Steve Birnbaum,Steve Birnbaum,-0.0844281297500302
10692,Victor Wanyama,Victor Wanyama,-0.0848097040423016
27192,Jeremy Ebobisse,Jeremy Ebobisse,-0.085131651252531
36552,Brooks Lennon,Brooks Lennon,-0.0867237349566107
149790,Roman Celentano,Brooks Lennon,-0.0867237349566107
36488,Tanner Beason,Tanner Beason,-0.0882972263253647
15858,Mauricio Ernesto Pereyra Antonini,Mauricio Pereyra,-0.0957373638838349
36755,Julián Ezequiel Aude Bernardi,Julián Aude,-0.0960071637529984
43274,Rubio Yovani Méndez Rubín,Rubio Rubin,-0.0983088958886561
9207,Róger Aníbal Espinoza Ramírez,Roger Espinoza,-0.0996814352449942
12364,Dejan Joveljić,Dejan Joveljić,-0.1026614538322829
43233,Miguel Berry,Miguel Berry,-0.1083753481909484
36437,Luis Mario Díaz Espinoza,Cristian Espinoza,-0.1113296669284031
27203,Cristian Omar Espinoza,Cristian Espinoza,-0.1113296669284031
23455,Gadi Kinda,Gadi Kinda,-0.1133596252415946
25969,Mathías Nicolás Laborda Malsenido,Mathías Laborda,-0.1136424640544665
35963,Carlos Joaquim Antunes Dos Santos,Nuno Santos,-0.1165350027339022
36560,Spencer Richey,Sean Rea,-0.1171696441478929
25478,Stefan Frei,Sean Rea,-0.1171696441478929
71091,Marco Antonio Angulo Solorzano,Marco Angulo,-0.1247437314391735
27110,Ryan Hollingshead,Ryan Hollingshead,-0.1269517134182638
36571,Jahkeele Marshall-Rutty,Jahkeele Marshall-Rutty,-0.1278720214261063
584968,Nökkvi Thórisson,Nökkvi Þórisson,-0.127944779169194
332777,Joshua Yaro,Joshua Yaro,-0.1318295224878443
3160,Erik Sviatchenko,Erik Sviatchenko,-0.1335613676996233
17974,Kellyn Acosta,Kellyn Acosta,-0.1394615186055966
27097,Keegan Rosenberry,Keegan Rosenberry,-0.1478406901116774
36526,Cristián Andrés Dájome Arboleda,Cristián Dajome,-0.1488075913153664
24261,Daniel Lovitz,Daniel Lovitz,-0.149389885887909
27213,Jaylin Lindsey,Jaylin Lindsey,-0.1500714219851323
332790,Cody William Baker,Cody Baker,-0.1501539819220416
24746,Sean Davis,Sean Davis,-0.1504951249824437
38158,Iván René Franco Díaz,Iván Franco,-0.1514081343205889
332763,Patrick Schulte,Mauricio Cuevas,-0.152133050321733
299527,Mauricio Aimar Cuevas,Mauricio Cuevas,-0.152133050321733
629574,Noel Caliskan,Noel Caliskan,-0.1539822111502817
164242,Njabulo Blom,Njabulo Blom,-0.1603768612801309
41101,Stipe Biuk,Stipe Biuk,-0.1687054298413108
66806,Adrián Alonso Martínez Batista,José Andrés Martínez,-0.1707183053589696
36436,José Artur de Lima Júnior,José Andrés Martínez,-0.1707183053589696
36469,José Andrés Martínez Torres,José Andrés Martínez,-0.1707183053589696
73332,Carlos Andrés Gómez Hinestroza,José Andrés Martínez,-0.1707183053589696
5448,Josef Alexander Martínez,José Andrés Martínez,-0.1707183053589696
23769,José Antonio Martínez Gil,José Andrés Martínez,-0.1707183053589696
11477,Bakaye Dibassy,Bakaye Dibassy,-0.1713894398288005
43290,Benjamin Kikanović,Benjamin Kikanovic,-0.1743635997970228
162855,Jacen Russell-Rowe,Jacen Russell-Rowe,-0.1755795553340954
27194,Marvin Antonio Loría Leitón,Marvin Loría,-0.1770350338600542
28586,Taylor Washington,Taylor Washington,-0.1774257156376063
23846,Sebastián Marcelo Blanco,Sebastián Blanco,-0.1783351275662779
43240,Wikelman José Carmona Torres,Wikelman Carmona,-0.1797778865855344
16253,Cristian Daniel Arango Duque,Cristian Arango,-0.180631616846836
27211,Josh Atencio,Joshua Atencio,-0.181920409114342
22956,Luis Alfonso Abram Ugarelli,Luis Amarilla,-0.1824411253811542
44467,Jesús Daniel Bueno Añez,Jesús Daniel Bueno,-0.1843209362106184
153171,Luis Enrique Jr Zamudio Lizardo,Dominique Badji,-0.1867183317248564
31142,Dominique Badji,Dominique Badji,-0.1867183317248564
25953,Mender García Torres,Mender García,-0.186776835495063
33570,Yaw Yeboah,Yaw Yeboah,-0.1870674306739823
43277,Andrew Brody,Andrew Brody,-0.1951045595228683
132623,Theodore Ku-Dipietro,Theodore Ku-Dipietro,-0.1951881295195218
43215,Jáder Rafael Obrian Arias,Jáder Obrian,-0.1985719375531058
36567,Raheem Edwards,Raheem Edwards,-0.2021380106376608
36556,Earl Edwards Jr.,Raheem Edwards,-0.2021380106376608
4916,Jere Uronen,Jere Uronen,-0.202558148053588
332995,Jeremy Rafanello,Jere Uronen,-0.202558148053588
333892,Nathan Rafael Ordaz,Nathan Ordaz,-0.2089673655376152
17069,Filip Krastev,Filip Krastev,-0.2163589613880787
34523,Aarón Herrera,Aaron Herrera,-0.2200268501222337
27158,Gustavo Leonardo Bou,Gustavo Bou,-0.2222204667372399
34534,Ema Twumasi,Ema Twumasi,-0.2243736849590283
18057,Andre Blake,Deandre Kerr,-0.22627637755143
123136,Deandre Kerr,Deandre Kerr,-0.22627637755143
12306,Sergi Palencia Hurtado,Sergi Palencia,-0.2278670321455433
24755,Felipe Martins Campanholi,Luís Martins,-0.2287395912068097
6437,Luís Carlos Ramos Martins,Luís Martins,-0.2287395912068097
31603,Rafael Lucas Cardoso dos Santos,Rafael Santos,-0.2292791802250159
75760,Antony Alves Santos,Rafael Santos,-0.2292791802250159
3676,Fredy Henkyer Montero Muñoz,Fredy Montero,-0.2318565185674664
68362,Bode Shane Hidalgo,Bode Hidalgo,-0.2323337187241869
657894,Julian Zakrewski Hall,Julian Gressel,-0.2324532154370073
36553,Julian Gressel,Julian Gressel,-0.2324532154370073
10227,Teemu Pukki,Teemu Pukki,-0.2350912374671215
36479,Steve Clark,Steven Beitashour,-0.2390489828879649
25474,Steven Mehrdad Beitashour,Steven Beitashour,-0.2390489828879649
2574,DeAndre Roselle Roselle Yedlin,DeAndre Yedlin,-0.2395044977062291
36549,Franco Nicolás Escobar,Franco Escobar,-0.2423009200170915
31162,Romell Samir Quioto Robinson,Romell Quioto,-0.2479523099525118
620393,Levonte Johnson,Levonte Johnson,-0.251398256290156
24262,Sean Johnson,Levonte Johnson,-0.251398256290156
36476,Ralph-William Johnson Priso-Mbongue,Ralph Priso-Mbongue,-0.2523550233104364
36453,Justin Rennicks,Justin Rennicks,-0.2595463006996233
38285,Juan David Mosquera López,Juan David Mosquera,-0.2678848095875106
27177,Ruan Gregorio Teixeira,Georgios Koutsias,-0.2686655988829487
30057,Georgios Koutsias,Georgios Koutsias,-0.2686655988829487
28242,Gregore de Magalhães da Silva,Georgios Koutsias,-0.2686655988829487
18072,Kevon Lambert,Kevin Cabral,-0.269148621351378
13405,Kévin Cabral,Kevin Cabral,-0.269148621351378
24260,Jordan Perry Morris,Jordan Morris,-0.2706551367767024
16583,Dario Župarić,Dario Župarić,-0.272439004471297
69105,Owen Wolff,Owen Wolff,-0.2750709520885956
127615,Ryan Spaulding,Ryan Spaulding,-0.2759308803654152
38539,Edwin Stiven Mosquera Palacios,Edwin Mosquera,-0.2794876558300871
23220,Paul Joseph Arriola Hendricks,Paul Arriola,-0.2813173743372403
27175,Kyle Smith,Kyle Smith,-0.2834184997953367
156487,Missael Rodríguez Padilla,Memo Rodriguez,-0.2837073472552494
31134,José Guillermo Rodríguez,Memo Rodriguez,-0.2837073472552494
69262,Abraham Rodriguez,Memo Rodriguez,-0.2837073472552494
43219,Javain Brown,Javain Brown,-0.2867915721834327
36558,Franuel Amaya,Frankie Amaya,-0.2883307037006289
31126,Zac MacMath,Zac McGraw,-0.2907696985415298
36586,Zac McGraw,Zac McGraw,-0.2907696985415298
31168,Danny Leyva,Danny Leyva,-0.2947700224019872
149788,Jackson Hopkins,Jackson Hopkins,-0.2970376903327651
27124,Christian Ramírez,Christian Ramirez,-0.2973371546919915
38452,Guzmán Corujo Bríccola,Guzmán Corujo,-0.3006388938334231
123132,Daniel Edelman,Daniel Edelman,-0.3063963074665817
27092,Brandt Bronico,Brandt Bronico,-0.3104598373601647
36512,Ariel Daniel Lassiter Acuña,Ariel Lassiter,-0.3220235546086734
238473,Bernard Kamungo,Bernard Kamungo,-0.3228869346923773
17899,Russell Teibert,Russell Teibert,-0.3271992980042135
25057,Joaquín Eduardo Torres,Joaquín Torres,-0.33798682138664
31156,Kacper Przybyłko,Kacper Przybyłko,-0.3394121619932497
28745,Julián Simón Carranza,Julián Carranza,-0.3421155973483083
27152,Scott Caldwell,Scott Caldwell,-0.3423248101069919
123142,Bongokuhle Hlongwane,Bongokuhle Hlongwane,-0.3437216095254127
36471,Matt Real,Matthew Real,-0.3441186399726932
25439,Emanuel Reynoso,Emanuel Reynoso,-0.354966969829123
27095,Diego Iván Rubio Kostner,Diego Rubio,-0.3555154486770238
33010,Rafael Navarro Leal,Rafael Navarro,-0.3556319209570872
34516,Erik Hurtado,Erik Hurtado,-0.3605090140267122
543042,Jorge Leguín Cabezas Hurtado,Erik Hurtado,-0.3605090140267122
5735,Karol Świderski,Karol Świderski,-0.3625886205642378
23851,Dairon Estibens Asprilla Rivas,Dairon Asprilla,-0.3634088155535904
36274,Anderson Andrés Julio Santos,Anderson Julio,-0.3654880004444392
36496,Jared Stroud,Jared Stroud,-0.367140958878953
18531,Billy Sharp,Billy Sharp,-0.3761173230522029
19137,Eduard Löwen,Eduard Löwen,-0.3766761267805216
27150,Maximiliano Nicolás Urruti Mussa,Maximiliano Urruti,-0.3769639662180513
42552,Ramiro Enrique Paz,Ramiro Enrique,-0.377040175842193
23874,Ethan Finlay,Ethan Finlay,-0.3798462207185559
27100,Kei Ansu Kamara,Kei Kamara,-0.3798528016574584
156486,Lucas Bartlett,Lucas Bartlett,-0.3803617406683731
36523,Cristián Daniel Gutiérrez Zúñiga,Cristián Gutiérrez,-0.3831999048644015
27204,Judson Silva Tavares,Sidnei Tavares,-0.3833159544022358
40021,Sidnei Wilson Vieira David Tavares,Sidnei Tavares,-0.3833159544022358
574703,Peter Stroud,Peter Stroud,-0.3842598551438491
38178,Rodney Iván Redes Cáceres,Rodney Redes,-0.3883538835821779
27193,Marco Farfán,Marco Farfan,-0.3884018903292278
173048,Amet Ylber Korça,Amet Korca,-0.3912613510467963
14075,Emiliano Ariel Rigoni,Emiliano Rigoni,-0.3913058676121109
124335,Tomás Gómez,Carlos Gómez,-0.3959588444773682
17971,Ben Sweat,Ben Sweat,-0.3959696099314103
43223,Calvin Harris,Calvin Harris,-0.4003649956539623
31148,Clint Irwin,Calvin Harris,-0.4003649956539623
333059,Gavin Beavers,Calvin Harris,-0.4003649956539623
334451,Calvin Jay Fodrey,Calvin Harris,-0.4003649956539623
14006,Carlos Akapo Martínez,Carlos Akapo,-0.4021043298067944
27094,Charles Kwabena Sapong,Carlos Akapo,-0.4021043298067944
34847,Matthew Hoppe,Matthew Hoppe,-0.4034513119702462
31136,Sam Junqua,Sam Junqua,-0.4126032539954703
43202,José Antonio Alfaro Vázquez,Brandon Vazquez,-0.415411777267673
332952,Gerardo Valenzuela,Brandon Vazquez,-0.415411777267673
36563,Brandon Vázquez Toledo,Brandon Vazquez,-0.415411777267673
17965,Gyasi Zardes,Gyasi Zardes,-0.4266943572285444
36584,Hassan Ndam,Hassan Ndam,-0.4278732595379687
26277,Gastón Nicolás González,Gaston Gonzalez,-0.4344788231730488
23601,Sergio Henrique Santos Gomes,Sergio Santos Gomes,-0.4376446930405492
123133,Serge Ngoma,Sergio Santos Gomes,-0.4376446930405492
31158,Kai Wagner,Kai Wagner,-0.4422113450570924
17480,Giacomo Vrioni,Giacomo Vrioni,-0.4499720077841341
25603,Shaq Moore,Shaq Moore,-0.453350687547295
26463,Álvaro Martin Barreal,Álvaro Barreal,-0.4544488578182724
12706,Georgios Giakoumakis,Giorgos Giakoumakis,-0.4564724992324017
334747,Griffin Dillon,Griffin Dorsey,-0.4584678588653568
27227,Griffin Dorsey,Griffin Dorsey,-0.4584678588653568
26310,Braian Ezequiel Cufré,Braian Cufré,-0.4587973063422527
36461,Andrés Felipe Perea Castañeda,Andrés Perea,-0.4632459653913925
149298,Adam Pearlman,Andrés Perea,-0.4632459653913925
28656,Claudio Nicolás Bravo,Claudio Bravo,-0.4635086835515452
574567,Nathan-Dylan Saliba,Nathan Saliba,-0.4715947440678661
27182,Raymon Gaddis,Ray Gaddis,-0.4722503650858095
36487,Paul Marie,Paul Marie,-0.4731262068118679
27149,Mathieu Choinière,Mathieu Choiniere,-0.4742929018802075
17963,Bobby Shou Wood,Bobby Wood,-0.4840766615163297
23095,Mario González Gutiérrez,Mario González,-0.4841563358336632
27173,Brian White,Brian White,-0.4844603645730974
24103,Franck Boli,Franck Boli,-0.4872824085420491
1048,Arnaud Souquet,Arnaud Souquet,-0.4885350737398173
334229,Bret Halsey,Bret Halsey,-0.4885728670980997
2610,Denis Bouanga,Denis Bouanga,-0.4920447923317519
11700,Erick Javier Davis Grajales,Erick Davis,-0.4942040844527967
68832,Eric Dick,Erick Davis,-0.4942040844527967
34424,Gabriel Cordeiro Pirani,Gabriel Pirani,-0.5048165431242035
332775,Célio Antonio Pompeu Pinheiro Martins,Célio Pompeu,-0.5071820444670105
24263,Nick Lima,Nick Lima,-0.5171321658906731
49304,David Justin Kirk Taylor,David Ayala,-0.527135762858176
27132,Ethan Zubak,Ethan Zubak,-0.5284920858080695
22122,Sam Surridge,Sam Surridge,-0.5302674719883357
24760,Luciano Federico Acosta,Luciano Acosta,-0.5312184230578425
24768,Andrew Gutman,Andrew Gutman,-0.5313444045932685
1424,Brad Guzan,Andrew Gutman,-0.5313444045932685
10936,Xherdan Shaqiri,Xherdan Shaqiri,-0.5346345640828364
43204,Nigel Robertha,Nigel Robertha,-0.5446776592961943
360077,Nicholás Enrique Benalcázar,Nicholas Gioacchini,-0.5459578170419824
24111,Nicholas Gioacchini,Nicholas Gioacchini,-0.5459578170419824
581396,Duncan McGuire,Duncan McGuire,-0.5614498814577149
17968,Fafà Picault,Fafà Picault,-0.5647674435523068
36546,Miguel Ángel Navarro Zárate,Miguel Navarro,-0.5763114475737668
29296,Jon Gallagher,Jon Gallagher,-0.5778270890167322
224209,Stephen Turnbull,Stephen Turnbull,-0.5806695997073756
18061,Alvas Powell,Alvas Powell,-0.5834166553095307
34517,John Pulskamp,John Tolkin,-0.5874497977874269
36620,John Tolkin,John Tolkin,-0.5874497977874269
27126,Adam Lundkvist,Adam Lundqvist,-0.5920606419173355
61099,Adam Grinwis,Adam Lundqvist,-0.5920606419173355
332886,Maximilian Arfsten,Max Arfsten,-0.5923641010052948
43883,Elias Manoel Alves de Paula,Elias Manoel,-0.5989797884377047
24745,Sean Nealis,Sean Nealis,-0.5991481933317467
36598,Isaac Boehmer,Simon Becher,-0.599872624297949
179478,Simon Becher,Simon Becher,-0.599872624297949
18653,Jonathan Bond,Jonathan Dean,-0.6001422336979122
333842,Jonathan Dean,Jonathan Dean,-0.6001422336979122
43201,Jonathan Bell,Jonathan Dean,-0.6001422336979122
31131,Joe Willis,Eryk Williamson,-0.6016466217161475
43220,Luke Haakenson,Luke Haakenson,-0.6032643483422879
22211,Dániel Gazdag,Dániel Gazdag,-0.6080496849026896
32149,Cristián Gonzalo Olivera Ibarra,Cristian Olivera,-0.6172172749524423
36931,Kristijan Kahlina,Cristian Olivera,-0.6172172749524423
27232,Jake Nerwinski,Jake Nerwinski,-0.6232564736511903
36486,James Marcinkowski,Jake Nerwinski,-0.6232564736511903
127613,Diego Gutiérrez,Diego Gutierrez,-0.6261501370587975
27184,Olivier Mbaissidara Mbaizo,Olivier Mbaizo,-0.6284718804343875
43238,Oliver Love Larraz,Olivier Mbaizo,-0.6284718804343875
27147,Zachary Brault-Guillard,Zachary Brault-Guillard,-0.6332071837961073
9563,Santiago Arias Naranjo,Santiago Arias,-0.6338517204505842
25960,Andrés Felipe Reyes Ambuila,Andrés Reyes,-0.6367832364068378
332774,Akil Watts,Akil Watts,-0.6373924268440632
27137,Mason Toye,Mason Toye,-0.6406866102694178
36457,Mason Stajduhar,Mason Toye,-0.6406866102694178
574480,Mitja Ilenič,Mitja Ilenič,-0.6428304913916078
1818,Christian Benteke Liolo,Christian Benteke,-0.644358469291539
172107,Preston Judd,Preston Judd,-0.6509086526367985
23860,Zarek Valentin,Zarek Valentin,-0.65495732930006
33225,Leon Flach,Leon Flach,-0.6619793354239709
166529,Chris Donovan,Christopher Donovan,-0.6758067584605003
27191,Cristhian Fabián Paredes Maciel,Cristhian Paredes,-0.6843387846269561
43791,Enzo Nahuel Copetti,Enzo Copetti,-0.692817012992427
36577,Danny Musovski,Daniel Musovski,-0.6938095018850948
34547,Eric Miller,Eric Miller,-0.7073682526663637
16581,Héber Araujo dos Santos,Pedro Santos,-0.708147547514898
8594,Pedro Miguel Martins Santos,Pedro Santos,-0.708147547514898
27112,Michael David Barrios Puerta,Michael Barrios,-0.7093199508137659
333569,Hayden Sargis,Michael Barrios,-0.7093199508137659
581150,Jules-Anthony Vilsaint,Jules-Anthony Vilsaint,-0.7163743985800158
301533,Hugo-Hilaire Mbongue,Hugo-Hilaire Mbongue Mbongue,-0.7176320970705928
33121,Ethan Bristow,Ethan Bristow,-0.7183703463110387
149304,Jojea Kwizera,Jojea Kwizera,-0.7283678421412014
36494,Cade Cowell,Cade Cowell,-0.7296123485346038
27188,Alejandro Bedoya,Alejandro Bedoya,-0.7385030990030393
689747,London Aghedo,Alejandro Bedoya,-0.7385030990030393
24748,Alex Muyl,Alex Muyl,-0.7387543239830983
332778,Kyle Hiebert,Kyle Hiebert,-0.7393106047667661
27695,Chris Durkin,Chris Durkin,-0.7411914232256055
43239,Darren Yapi,Darren Yapi,-0.7513244655684865
24691,Indiana Vassilev,Indiana Vassilev,-0.7591546788541351
36343,Daniel Alonso Aceves Patiño,Alonso Aceves,-0.7597329672126295
64556,Thorleifur Úlfarsson,Þorleifur Úlfarsson,-0.7597568519592496
24743,Tom Barlow,Tom Barlow,-0.760770865227213
34541,Dylan Nealis,Dylan Nealis,-0.7635815735118298
78115,Damian Las,Damion Lowe,-0.7791647970161738
18059,Damion Lowe,Damion Lowe,-0.7791647970161738
27159,Teal Bunbury,Teal Bunbury,-0.7861032215481477
27214,Luis Felipe Hernández Rico,Felipe Hernandez,-0.7882420159386784
28143,Rasmus Alm,Rasmus Alm,-0.796306834000591
43192,Hunter Sulte,Dante Sealy,-0.8096276439031836
34512,Dante Sealy,Dante Sealy,-0.8096276439031836
67094,José Fajardo Nelson,John Nelson,-0.8191489086330603
9478,Sam Nicholson,Sam Nicholson,-0.8208559790869356
43234,Nathan Harriel,Nathan Harriel,-0.8507435951048328
19196,Prince Osei Owusu,Prince Owusu,-0.8663242879309373
43197,Nnamdi Chinonso Offor,Chinonso Offor,-0.8936732368620894
16441,Mikael Uhre,Mikael Uhre,-0.8939007389775497
13139,Jamal Thiaré,Mikael Uhre,-0.8939007389775497
592212,J.C. Ngando,Jack Panayotou,-0.8977063875620055
333194,Jack Panayotou,Jack Panayotou,-0.8977063875620055
36591,Michael Halliday,Michael Halliday,-0.9193459668685277
34538,Drake Callender,Dante Vanzeir,-0.9262289684329696
31139,Dayne St. Clair,Dante Vanzeir,-0.9262289684329696
27228,Jacob Everett Shaffelburg,Jacob Shaffelburg,-0.9331922541013054
33829,Cameron Harper,Cameron Harper,-0.9979151862302346
74696,Monsef Bakrar,Monsef Bakrar,-1.0114631813000474
127614,Justin Rasmussen,Justin Rasmussen,-1.083166540084709
58947,Samuel Oluwabukunmi Adeniran,Samuel Adeniran,-1.1269898307108253
24738,Kyle Duncan,Kyle Duncan,-1.165354047574833
26794,Dru Yearwood,Dru Yearwood,-1.2031755960359367
31151,Sebastian Anderson,Sebastian Anderson,-1.2662654945725045
133421,Anthony Markanich,Anthony Markanich,-1.2695331338155262
332870,Devin Padelford,Devin Padelford,-1.3403973002341258
9252,Roman Bürki,Cory Burke,-1.461291353263632
18067,Cory Burke,Cory Burke,-1.461291353263632
